site,location,start_time,flux_ch4_mmol,flux_ch4_g,flux_co2_mmol,flux_co2_g,trip,shade,overcast,night,macrophyte,
Catfish,C1B,2022/07/27 10:35:59.55,1.986669863,0.031866185,81.40408746,3.582593889,NA,,,,,
Catfish,C1E,2022/07/27 10:39:39.04,0.294999514,0.004731792,7.458991274,0.328270206,NA,,,,,
Catfish,C2A,2022/07/27 10:43:06.73,0.579623122,0.009297155,36.59212413,1.610419383,NA,,,,,
Catfish,C2C,2022/07/27 10:51:01.42,0.681658142,0.010933797,24.86787107,1.094435006,NA,,,,,
Catfish,C2D,2022/07/27 10:57:43.84,0.430596072,0.006906761,14.480294,0.637277739,NA,,,,,
Catfish,C3B,2022/07/27 11:01:47.63,0.72285658,0.01159462,21.85286796,0.961744719,NA,,,,,
Catfish,C3E,2022/07/27 11:06:30.43,0.550147149,0.00882436,37.65405857,1.657155118,NA,,,,,
Catfish,C4A,2022/07/27 11:10:34.32,0.602267504,0.009660371,20.6375361,0.908257964,NA,,,,,
Catfish,C4C,2022/07/27 11:17:38.03,0.880148154,0.014117576,34.6496975,1.524933187,NA,,,,,
Catfish,C4D,2022/07/27 11:24:14.73,0.718514229,0.011524968,29.06930126,1.279339948,NA,,,,,
Catfish,C5B,2022/07/27 11:31:22.63,1.455874133,0.023352221,22.13999608,0.974381228,NA,,,,,
Catfish,C5E,2022/07/27 11:35:36.63,1.545189246,0.024784836,17.31005206,0.761815391,NA,,,,,
Catfish,C1B,2022/07/27 12:56:50.06,2.82440574,0.045303468,-16.97601711,-0.747114513,NA,,,,,
Catfish,C1E,2022/07/27 13:02:33.37,0.332655596,0.005335796,-4.149139492,-0.182603629,NA,,,,,
Catfish,C2A,2022/07/27 13:06:59.86,0.506822537,0.008129433,-43.11684573,-1.897572381,NA,,,,,
Catfish,C2C,2022/07/27 13:12:23.49,0.484645767,0.007773718,1.815423979,0.079896809,NA,,,,,
Catfish,C2D,2022/07/27 13:17:53.96,0.931811118,0.01494625,-1.326637716,-0.058385326,NA,,,,,
Catfish,C3B,2022/07/27 13:23:08.76,0.366523267,0.005879033,-1.918914053,-0.084451407,NA,,,,,
Catfish,C3E,2022/07/27 13:27:28.56,0.378520381,0.006071467,2.649156322,0.11658937,NA,,,,,
Catfish,C4A,2022/07/27 13:30:58.28,0.505652777,0.008110671,-11.06852371,-0.487125728,NA,,,,,
Catfish,C4C,2022/07/27 13:40:40.58,0.661395177,0.010608779,-3.340894017,-0.147032746,NA,,,,,
Catfish,C4D,2022/07/27 13:44:23.26,0.671893534,0.010777172,6.722535779,0.2958588,NA,,,,,
Catfish,C5B,2022/07/27 13:48:58.99,-7.905594297,-0.126805733,-4.556507172,-0.200531881,NA,,,,,
Catfish,C5E,2022/07/27 13:55:41.57,-109.7696495,-1.760705179,-11.08177574,-0.487708951,NA,,,,,
Catfish,C1B,2022/07/27 15:23:45.85,0.164071242,0.002631703,-18.54671705,-0.816241017,NA,,,,,
Catfish,C1E,2022/07/27 15:29:30.34,0.831896166,0.013343615,-11.77531208,-0.518231485,NA,,,,,
Catfish,C2A,2022/07/27 15:33:03.84,0.762709361,0.012233858,-30.1670492,-1.327651835,NA,,,,,
Catfish,C2C,2022/07/27 15:41:34.98,0.483934615,0.007762311,-20.9959314,-0.924030941,NA,,,,,
Catfish,C2D,2022/07/27 15:46:19.35,0.747395501,0.011988224,-12.54847002,-0.552258166,NA,,,,,
Catfish,C3B,2022/07/27 15:50:15.04,0.601166042,0.009642703,-7.343441832,-0.323184875,NA,,,,,
Catfish,C3E,2022/07/27 15:53:52.85,0.231662987,0.003715874,-23.53448792,-1.035752813,NA,,,,,
Catfish,C4A,2022/07/27 15:58:10.54,-11.14212133,-0.178719626,-11.8111306,-0.519807858,NA,,,,,
Catfish,C4C,2022/07/27 16:04:29.32,0.320517161,0.005141095,-8.82258975,-0.388282175,NA,,,,,
Catfish,C4D,2022/07/27 16:08:57.05,0.471980133,0.007570561,-4.460775837,-0.196318745,NA,,,,,
Catfish,C5B,2022/07/27 16:13:56.74,-1.6916606,-0.027134236,-14.95299148,-0.658081155,NA,,,,,
Catfish,C5E,2022/07/27 16:19:22.46,0.557442424,0.008941376,5.764206663,0.253682735,NA,,,,,
Catfish,C1B,2022/07/27 18:25:56.14,1.054961015,0.016921575,-11.00281496,-0.484233887,NA,,,,,
Catfish,C1E,2022/07/27 18:28:56.63,0.510310819,0.008185386,1.214401555,0.053445812,NA,,,,,
Catfish,C2A,2022/07/27 18:32:41.13,0.333068048,0.005342411,-12.3258797,-0.542461966,NA,,,,,
Catfish,C2C,2022/07/27 18:37:35.35,0.938923201,0.015060328,-19.69727394,-0.866877026,NA,,,,,
Catfish,C2D,2022/07/27 18:41:42.03,21.89716547,0.351230534,-23.98756864,-1.055692896,NA,,,,,
Catfish,C3B,2022/07/27 18:47:38.44,1.251282657,0.020070574,-21.28649057,-0.93681845,NA,,,,,
Catfish,C3E,2022/07/27 18:50:44.13,0.406849667,0.006525869,-8.487380754,-0.373529627,NA,,,,,
Catfish,C4A,2022/07/27 18:55:10.83,0.263241785,0.004222398,-55.01038325,-2.421006967,NA,,,,,
Catfish,C4C,2022/07/27 18:59:15.63,1.080677348,0.017334065,-32.15941977,-1.415336064,NA,,,,,
Catfish,C4D,2022/07/27 19:02:54.44,1.745917064,0.02800451,-6.659880658,-0.293101348,NA,,,,,
Catfish,C5B,2022/07/27 19:09:47.12,1.442173878,0.023132469,-9.922605194,-0.436693855,NA,,,,,
Catfish,C5E,2022/07/27 19:13:46.74,-10.34328429,-0.16590628,4.052433252,0.178347587,NA,,,,,
Catfish,C1B,2022/07/27 21:25:48.34,0.317196189,0.005087827,-15.82224933,-0.696337193,NA,,,,,
Catfish,C1E,2022/07/27 21:31:05.53,0.805962548,0.012927639,-8.309626454,-0.36570666,NA,,,,,
Catfish,C2A,2022/07/27 21:39:23.74,6.598442427,0.105839017,-6.059839774,-0.266693548,NA,,,,,
Catfish,C2C,2022/07/27 21:45:02.24,0.340194229,0.005456715,-1.055789271,-0.046465286,NA,,,,,
Catfish,C2D,2022/07/27 21:48:57.86,0.456536155,0.00732284,-8.559258491,-0.376692966,NA,,,,,
Catfish,C3B,2022/07/27 21:53:39.64,127.8169132,2.050183288,-4.078629897,-0.179500502,NA,,,,,
Catfish,C3E,2022/07/27 22:00:10.96,0.359712173,0.005769783,-0.606816817,-0.026706008,NA,,,,,
Catfish,C4A,2022/07/27 22:04:28.85,0.209773491,0.003364767,1.081588254,0.047600699,NA,,,,,
Catfish,C4C,2022/07/27 22:09:44.75,0.801931551,0.012862982,-0.6575564,-0.028939057,NA,,,,,
Catfish,C4D,2022/07/27 22:13:59.44,0.403917599,0.006478838,-9.189283363,-0.404420361,NA,,,,,
Catfish,C5B,2022/07/27 22:19:24.23,0.263069033,0.004219627,13.70168275,0.603011058,NA,,,,,
Catfish,C5E,2022/07/27 22:24:40.24,-5.162245748,-0.082802422,-2.29873389,-0.101167279,NA,,,,,
Catfish,C1B,2022/07/28 06:40:13.25,0.423326075,0.00679015,0.382708924,0.01684302,NA,,,,,
Catfish,C1E,2022/07/28 06:46:22.55,0.303136986,0.004862317,16.82003516,0.740249747,NA,,,,,
Catfish,C2A,2022/07/28 06:50:29.05,0.874654978,0.014029466,19.31205755,0.849923653,NA,,,,,
Catfish,C2C,2022/07/28 06:58:02.65,0.224346542,0.003598519,8.544475143,0.376042351,NA,,,,,
Catfish,C2D,2022/07/28 07:03:07.96,0.397520383,0.006376227,14.20246435,0.625050456,NA,,,,,
Catfish,C3B,2022/07/28 07:07:09.95,0.522139152,0.008375112,32.37751572,1.424934467,NA,,,,,
Catfish,C3E,2022/07/28 07:10:29.73,0.303522587,0.004868502,24.99933074,1.100220546,NA,,,,,
Catfish,C4A,2022/07/28 07:13:39.44,0.725225592,0.011632618,38.97724536,1.715388568,NA,,,,,
Catfish,C4C,2022/07/28 07:20:04.74,0.419622678,0.006730748,30.12890657,1.325973178,NA,,,,,
Catfish,C4D,2022/07/28 07:24:22.64,0.435507204,0.006985536,23.76448445,1.045874961,NA,,,,,
Catfish,C5B,2022/07/28 07:29:39.35,0.787404593,0.01262997,58.7403492,2.585162768,NA,,,,,
Catfish,C5E,2022/07/28 07:33:32.14,2.270454527,0.036418091,42.96674595,1.890966489,NA,,,,,
Catfish,C1B,2022/09/06 10:06:06.64,0.430507733,0.006905344,90.12190049,3.966264841,1,1,0,0,,
Catfish,C1E,2022/09/06 10:08:56.36,0.586370987,0.009405391,159.4281714,7.016433822,1,1,0,0,,
Catfish,C2A,2022/09/06 10:11:45.23,0.266570033,0.004275783,46.31298461,2.038234453,1,0,0,0,,
Catfish,C2C,2022/09/06 10:18:23.84,0.56135865,0.009004193,105.8691198,4.659299964,1,0,0,0,,
Catfish,C2D,2022/09/06 10:22:49.65,0.79884211,0.012813427,101.926271,4.485775188,1,1,0,0,,
Catfish,C3B,2022/09/06 10:25:55.42,1.165061731,0.01868759,170.6750155,7.511407433,1,1,0,0,,
Catfish,C3E,2022/09/06 10:28:42.13,0.273870763,0.004392887,46.98931303,2.067999666,1,1,0,0,,
Catfish,C4A,2022/09/06 10:32:08.84,0.262656317,0.004213007,40.63983455,1.788559119,1,1,0,0,,
Catfish,C4C,2022/09/06 10:37:29.62,0.908627521,0.014574385,150.8410468,6.63851447,1,1,0,0,,
Catfish,C4D,2022/09/06 10:43:26.32,0.398856494,0.006397658,72.61573252,3.195818388,1,1,0,0,,
Catfish,C5B,2022/09/06 10:47:55.23,1.369899198,0.021973183,89.84777412,3.954200539,1,1,0,0,,
Catfish,C5E,2022/09/06 10:51:05.93,0.462453499,0.007417754,53.65583541,2.361393317,1,1,0,0,,
Catfish,C1B,2022/09/06 13:02:22.74,0.613256135,0.009836628,78.39181003,3.450023559,2,0,0,0,,
Catfish,C1E,2022/09/06 13:05:52.53,0.553999154,0.008886146,106.2600249,4.676503694,2,1,0,0,,
Catfish,C2A,2022/09/06 13:08:54.23,0.484292679,0.007768055,42.24163608,1.859054404,2,0,0,0,,
Catfish,C2C,2022/09/06 13:15:08.54,2.70928919,0.043456999,78.26608469,3.444490387,2,0,1,0,,
Catfish,C2D,2022/09/06 13:26:21.84,0.986181087,0.015818345,138.4704459,6.094084326,2,0,0,0,,
Catfish,C3B,2022/09/06 13:29:38.62,0.579805147,0.009300075,90.66004631,3.989948638,2,0,0,0,,
Catfish,C3E,2022/09/06 13:32:44.43,0.368012338,0.005902918,48.87478413,2.150979249,2,1,0,0,,
Catfish,C4A,2022/09/06 13:36:10.14,0.247491002,0.003969756,36.79622802,1.619401995,2,0,0,0,,
Catfish,C4C,2022/09/06 13:43:02.54,0.495744591,0.007951743,70.65582598,3.109562901,2,0,0,0,,
Catfish,C4D,2022/09/06 13:50:51.14,7.089648764,0.113717966,296.0343058,13.0284698,2,1,0,0,,
Catfish,C5B,2022/09/06 13:54:55.83,0.845065058,0.013554844,81.85191808,3.602302915,2,1,0,0,,
Catfish,C5E,2022/09/06 13:58:42.83,1.42889683,0.022919505,50.47969001,2.221611157,2,1,0,0,,
Catfish,C1B,2022/09/06 15:53:56.74,0.718687829,0.011527753,91.58842858,4.030806742,3,0,0,0,,
Catfish,C1E,2022/09/06 15:56:39.34,0.34872468,0.005593544,58.47919296,2.573669282,3,0,0,0,,
Catfish,C2A,2022/09/06 15:59:39.93,0.25229057,0.004046741,28.11948608,1.237538582,3,0,0,0,,
Catfish,C2C,2022/09/06 16:07:14.94,0.381321795,0.006116402,59.05889057,2.599181774,3,0,0,0,,
Catfish,C2D,2022/09/06 16:16:42.35,0.234759989,0.00376555,39.67150569,1.745942966,3,0,0,0,,
Catfish,C3B,2022/09/06 16:20:41.24,0.87295926,0.014002267,108.5448351,4.777058195,3,0,0,0,,
Catfish,C3E,2022/09/06 16:24:18.05,0.592111436,0.009497467,82.89258089,3.648102485,3,0,0,0,,
Catfish,C4A,2022/09/06 16:27:20.03,0.917651671,0.014719133,28.84795647,1.269598564,3,1,0,0,,
Catfish,C4C,2022/09/06 16:38:22.63,1.309655729,0.021006878,48.3434945,2.127597193,3,0,0,0,,
Catfish,C4D,2022/09/06 16:44:53.44,0.442073108,0.007090853,46.99763356,2.068365853,3,1,0,0,,
Catfish,C5B,2022/09/06 16:49:56.34,1.635692867,0.026236514,179.1686503,7.885212299,3,1,0,0,,
Catfish,C5E,2022/09/06 16:52:43.34,2.239117366,0.035915443,169.1461527,7.44412218,3,1,0,0,,
Catfish,C1B,2022/09/06 18:56:56.88,0.410302283,0.006581249,47.53360981,2.091954168,4,0,1,0,,
Catfish,C1E,2022/09/06 18:59:39.57,0.27735091,0.004448709,27.05109657,1.19051876,4,0,1,0,,
Catfish,C2A,2022/09/06 19:02:25.22,0.258906504,0.00415286,31.91959104,1.404781202,4,0,1,0,,
Catfish,C2C,2022/09/06 19:11:18.23,0.321248379,0.005152824,37.76331567,1.661963523,4,0,1,0,,
Catfish,C2D,2022/09/06 19:17:36.53,1.138872801,0.01826752,109.8293165,4.83358822,4,0,1,0,,
Catfish,C3B,2022/09/06 19:20:45.05,0.489283449,0.007848107,58.64820249,2.581107392,4,0,1,0,,
Catfish,C3E,2022/09/06 19:23:23.86,0.740934624,0.011884591,109.0653735,4.799967088,4,0,1,0,,
Catfish,C4A,2022/09/06 19:26:14.74,0.36027498,0.005778811,40.64314411,1.788704772,4,0,1,0,,
Catfish,C4C,2022/09/06 19:33:15.34,0.39911344,0.00640178,42.01762479,1.849195667,4,0,1,0,,
Catfish,C4D,2022/09/06 19:41:29.85,4.091151796,0.065622075,52.72205151,2.320297487,4,0,1,0,,
Catfish,C5B,2022/09/06 19:44:41.84,4.569103346,0.073288418,83.41812236,3.671231565,4,0,1,0,,
Catfish,C5E,2022/09/06 19:51:18.54,0.66100321,0.010602491,57.18894965,2.516885674,4,0,1,0,,
Catfish,C1B,2022/09/06 21:56:38.37,0.321061682,0.005149829,43.50045514,1.914455031,5,0,0,1,,
Catfish,C1E,2022/09/06 21:59:57.86,0.216823092,0.003477842,73.08760444,3.216585471,5,0,0,1,,
Catfish,C2A,2022/09/06 22:03:24.28,0.21011235,0.003370202,26.1506877,1.150891766,5,0,0,1,,
Catfish,C2C,2022/09/06 22:13:08.36,-3.355321639,-0.053819359,40.14527583,1.766793589,5,0,0,1,,
Catfish,C2D,2022/09/06 22:19:15.66,0.431705289,0.006924553,68.80806847,3.028243093,5,0,0,1,,
Catfish,C3B,2022/09/06 22:22:35.26,0.526410331,0.008443622,75.87842905,3.339409662,5,0,0,1,,
Catfish,C3E,2022/09/06 22:25:18.26,0.589668232,0.009458278,53.46180466,2.352854023,5,0,0,1,,
Catfish,C4A,2022/09/06 22:28:06.16,0.59706657,0.009576948,48.46859991,2.133103082,5,0,0,1,,
Catfish,C4C,2022/09/06 22:36:01.86,0.638217558,0.01023701,36.93216815,1.62538472,5,0,0,1,,
Catfish,C4D,2022/09/06 22:42:50.36,0.915458702,0.014683958,53.68114049,2.362506993,5,0,0,1,,
Catfish,C5B,2022/09/06 22:46:53.25,0.554693169,0.008897278,52.58692356,2.314350506,5,0,0,1,,
Catfish,C5E,2022/09/06 22:50:12.97,1.408353755,0.022589994,52.2080629,2.297676848,5,0,0,1,,
Catfish,C1B,2022/09/07 01:02:31.44,0.35230638,0.005650994,49.90127079,2.196154928,6,0,0,1,,
Catfish,C1E,2022/09/07 01:06:27.03,0.494434873,0.007930735,114.7159,5.048646757,6,0,0,1,,
Catfish,C2A,2022/09/07 01:09:38.72,0.254234012,0.004077914,42.11515275,1.853487872,6,0,0,1,,
Catfish,C2C,2022/09/07 01:17:03.95,0.211193847,0.003387549,43.54390425,1.916367226,6,0,0,1,,
Catfish,C2D,2022/09/07 01:24:07.53,0.281670485,0.004517995,57.03733333,2.51021304,6,0,0,1,,
Catfish,C3B,2022/09/07 01:28:33.23,0.456357838,0.00731998,55.95830143,2.462724846,6,0,0,1,,
Catfish,C3E,2022/09/07 01:31:46.93,0.276523937,0.004435444,39.63000735,1.744116623,6,0,0,1,,
Catfish,C4A,2022/09/07 01:35:12.64,0.443547683,0.007114505,49.0151595,2.15715717,6,0,0,1,,
Catfish,C4C,2022/09/07 01:40:52.95,0.540849855,0.008675232,51.79178022,2.279356247,6,0,0,1,,
Catfish,C4D,2022/09/07 01:51:12.55,0.617789196,0.009909339,48.41487594,2.13073869,6,0,0,1,,
Catfish,C5B,2022/09/07 01:56:43.14,1.465495605,0.023506549,98.70539842,4.344024584,6,0,0,1,,
Catfish,C5E,2022/09/07 02:00:25.04,0.790253085,0.012675659,40.49693882,1.782270277,6,0,0,1,,
Catfish,C1B,2022/09/07 04:12:07.46,0.327859164,0.005258861,66.02206509,2.905631085,7,0,0,1,,
Catfish,C1E,2022/09/07 04:15:40.05,0.206744705,0.003316185,69.65244735,3.065404208,7,0,0,1,,
Catfish,C2A,2022/09/07 04:18:43.65,0.168046086,0.002695459,40.94005734,1.801771924,7,0,0,1,,
Catfish,C2C,2022/09/07 04:25:53.14,0.241931757,0.003880585,53.36371591,2.348537137,7,0,0,1,,
Catfish,C2D,2022/09/07 04:31:21.45,0.246680088,0.003956749,43.03596503,1.894012821,7,0,0,1,,
Catfish,C3B,2022/09/07 04:35:50.14,0.530507211,0.008509336,81.33901672,3.579730126,7,0,0,1,,
Catfish,C3E,2022/09/07 04:39:58.94,0.273017693,0.004379204,54.33035844,2.391079075,7,0,0,1,,
Catfish,C4A,2022/09/07 04:43:37.74,0.385548395,0.006184196,38.55462229,1.696788927,7,0,0,1,,
Catfish,C4C,2022/09/07 04:52:21.26,0.986434012,0.015822402,51.6119296,2.271441022,7,0,0,1,,
Catfish,C4D,2022/09/07 04:58:46.05,0.622665396,0.009987553,66.30781111,2.918206767,7,0,0,1,,
Catfish,C5B,2022/09/07 05:03:49.75,1.19253488,0.019128259,109.185713,4.805263229,7,0,0,1,,
Catfish,C5E,2022/09/07 05:07:14.65,-1.250341905,-0.020055484,65.65814604,2.889615007,7,0,0,1,,
Catfish,C1B,2022/09/07 07:07:00.87,0.258494923,0.004146259,64.27071091,2.828553987,8,0,1,0,not recorded but cloud video indicates overcast,
Catfish,C1E,2022/09/07 07:10:45.43,0.23089498,0.003703555,76.83785725,3.381634098,8,0,1,0,,
Catfish,C2A,2022/09/07 07:13:34.15,0.15130913,0.002426998,31.50801109,1.386667568,8,0,1,0,,
Catfish,C2C,2022/09/07 07:20:35.65,0.197861826,0.003173704,46.51252052,2.047016028,8,0,1,0,,
Catfish,C2D,2022/09/07 07:25:56.24,0.192058974,0.003080626,54.78117246,2.4109194,8,0,1,0,,
Catfish,C3B,2022/09/07 07:29:31.95,0.503123285,0.008070097,76.59717664,3.371041744,8,0,1,0,,
Catfish,C3E,2022/09/07 07:32:19.74,0.423952588,0.0068002,92.72553142,4.080850638,8,0,1,0,,
Catfish,C4A,2022/09/07 07:36:15.55,1.937404604,0.03107597,59.22491411,2.60648847,8,0,1,0,,
Catfish,C4C,2022/09/07 07:39:42.34,0.49416995,0.007926486,65.0593833,2.863263459,8,0,1,0,,
Catfish,C4D,2022/09/07 07:45:53.05,0.552568517,0.008863199,66.4752322,2.925574969,8,0,1,0,,
Catfish,C5B,2022/09/07 07:50:03.85,1.341911606,0.021524262,52.12080772,2.293836748,8,0,1,0,,
Catfish,C5E,2022/09/07 07:53:39.66,2.935943658,0.047092536,56.01335539,2.465147771,8,0,1,0,,
Catfish,C1B,2022/09/18 10:04:11.68,-0.298182788,-0.004782852,42.49933186,1.870395595,1,1,0,0,,
Catfish,C1E,2022/09/18 10:09:10.15,0.112952371,0.001811756,31.81546001,1.400198395,1,1,0,0,,
Catfish,C2A,2022/09/18 10:13:15.65,0.275993468,0.004426935,60.93929527,2.681938385,1,0,0,0,,
Catfish,C2C,2022/09/18 10:23:57.76,0.347495367,0.005573826,90.92828199,4.001753691,1,1,0,0,,
Catfish,C2D,2022/09/18 10:32:07.26,0.397512618,0.006376102,84.54295755,3.720735562,1,1,0,0,,
Catfish,C3B,2022/09/18 10:35:26.04,0.406974197,0.006527866,72.1542608,3.175509018,1,0,0,0,,
Catfish,C3E,2022/09/18 10:38:12.95,0.262466137,0.004209957,57.3900281,2.525735137,1,1,0,0,,
Catfish,C4A,2022/09/18 10:41:36.75,0.198342399,0.003181412,40.0105369,1.760863729,1,1,0,0,,
Catfish,C4C,2022/09/18 10:49:11.36,0.227527189,0.003649536,43.68816399,1.922716097,1,1,0,0,,
Catfish,C4D,2022/09/18 10:53:35.26,0.298581684,0.00478925,58.03496897,2.554118984,1,1,0,0,,
Catfish,C5B,2022/09/18 10:56:49.25,0.261816053,0.004199529,66.25126062,2.91571798,1,1,0,0,,
Catfish,C5E,2022/09/18 10:59:34.25,9.674742458,0.155182869,48.60586266,2.139144015,1,1,0,0,,
Catfish,C1B,2022/09/18 12:59:45.45,0.381357716,0.006116978,66.96136529,2.946969686,2,0,1,0,,
Catfish,C1E,2022/09/18 13:03:03.15,0.657570017,0.010547423,155.7516632,6.854630696,2,0,1,0,,
Catfish,C2A,2022/09/18 13:06:04.64,0.14371957,0.002305262,25.08068065,1.103800756,2,0,1,0,,
Catfish,C2C,2022/09/18 13:13:40.05,0.281721241,0.004518809,52.65356435,2.317283367,2,0,1,0,,
Catfish,C2D,2022/09/18 13:18:44.46,0.618313943,0.009917756,148.1176771,6.518658971,2,0,1,0,,
Catfish,C3B,2022/09/18 13:22:24.04,0.42764528,0.00685943,78.14556177,3.439186173,2,0,1,0,,
Catfish,C3E,2022/09/18 13:25:34.73,0.24124152,0.003869514,53.6342445,2.360443101,2,0,1,0,,
Catfish,C4A,2022/09/18 13:28:39.56,0.050255229,0.000806094,32.85161591,1.445799616,2,0,1,0,,
Catfish,C4C,2022/09/18 13:34:06.15,0.340280932,0.005458106,64.04852065,2.818775394,2,0,0,0,,
Catfish,C4D,2022/09/18 13:43:04.65,0.310298901,0.004977194,60.82335361,2.676835792,2,0,0,0,,
Catfish,C5B,2022/09/18 13:47:14.45,0.502704029,0.008063373,51.43677373,2.263732412,2,0,1,0,,
Catfish,C5E,2022/09/18 13:50:04.44,0.354122489,0.005680125,35.10961148,1.545174001,2,0,1,0,,
Catfish,C1B,2022/09/18 15:53:20.08,0.94215457,0.015112159,157.9061901,6.949451427,3,0,0,0,,
Catfish,C1E,2022/09/18 15:56:37.74,0.174540022,0.002799622,34.96481957,1.538801709,3,1,0,0,,
Catfish,C2A,2022/09/18 15:59:43.54,0.635749772,0.010197426,87.84922324,3.866244315,3,0,0,0,,
Catfish,C2C,2022/09/18 16:05:17.24,0.148752397,0.002385988,25.71660517,1.131787794,3,1,0,0,,
Catfish,C2D,2022/09/18 16:10:02.64,0.601820925,0.009653208,94.49373192,4.158669142,3,1,0,0,,
Catfish,C3B,2022/09/18 16:13:06.36,0.712249662,0.011424485,71.58090063,3.150275437,3,1,0,0,,
Catfish,C3E,2022/09/18 16:15:34.25,0.106026392,0.001700663,28.99706756,1.276160943,3,0,0,0,,
Catfish,C4A,2022/09/18 16:18:46.96,0.172697405,0.002770066,31.61363606,1.391316123,3,1,0,0,,
Catfish,C4C,2022/09/18 16:25:29.53,0.248143057,0.003980215,37.50864675,1.650755544,3,1,0,0,,
Catfish,C4D,2022/09/18 16:31:48.25,0.350620371,0.005623951,51.71624899,2.276032118,3,1,0,0,,
Catfish,C5B,2022/09/18 16:35:54.05,1.241143887,0.019907948,52.98887733,2.332040491,3,1,0,0,,
Catfish,C5E,2022/09/18 16:39:07.86,0.139928934,0.00224446,47.80371143,2.10384134,3,1,0,0,,
Catfish,C1B,2022/09/18 18:55:05.26,0.176931559,0.002837982,28.06209956,1.235013002,4,0,0,0,,
Catfish,C1E,2022/09/18 18:57:56.85,0.29177525,0.004680075,43.17286337,1.900037717,4,0,0,0,,
Catfish,C2A,2022/09/18 19:00:37.57,0.178563649,0.002864161,35.49059114,1.561940916,4,0,0,0,,
Catfish,C2C,2022/09/18 19:06:49.87,0.238424244,0.003824325,25.71937759,1.131909808,4,0,0,0,,
Catfish,C2D,2022/09/18 19:11:07.43,0.348018601,0.005582218,48.49240343,2.134150675,4,0,0,0,,
Catfish,C3B,2022/09/18 19:14:05.95,0.637819824,0.01023063,79.2701073,3.488677422,4,0,0,0,,
Catfish,C3E,2022/09/18 19:16:34.85,0.455452243,0.007305454,82.63185204,3.636627808,4,0,0,0,,
Catfish,C4A,2022/09/18 19:19:10.63,0.223452818,0.003584183,23.25167675,1.023306294,4,0,0,0,,
Catfish,C4C,2022/09/18 19:24:41.15,0.350816765,0.005627101,27.3061211,1.20174239,4,0,0,0,,
Catfish,C4D,2022/09/18 19:32:06.65,0.44753369,0.00717844,41.11728088,1.809571532,4,0,0,0,,
Catfish,C5B,2022/09/18 19:35:42.34,1.299111987,0.020837756,68.19486619,3.001256061,4,0,0,0,,
Catfish,C5E,2022/09/18 19:38:42.24,0.633801275,0.010166172,40.60020024,1.786814812,4,0,0,0,,
Catfish,C1B,2022/09/18 22:02:14.56,0.430632673,0.006907348,57.73735774,2.541021114,5,0,0,1,,
Catfish,C1E,2022/09/18 22:05:30.24,0.278426272,0.004465957,58.32088081,2.566701964,5,0,0,1,,
Catfish,C2A,2022/09/18 22:08:43.16,0.237006861,0.00380159,32.39786722,1.425830136,5,0,0,1,,
Catfish,C2C,2022/09/18 22:15:32.34,0.144700458,0.002320995,18.65995958,0.821224821,5,0,0,1,,
Catfish,C2D,2022/09/18 22:21:54.85,1.095317945,0.0175689,121.1352649,5.331163008,5,0,0,1,,
Catfish,C3B,2022/09/18 22:25:27.64,0.597146342,0.009578227,65.61657432,2.887785436,5,0,0,1,,
Catfish,C3E,2022/09/18 22:28:24.44,0.185942871,0.002982524,30.40945258,1.338320008,5,0,0,1,,
Catfish,C4A,2022/09/18 22:31:45.14,0.218573387,0.003505917,23.17942008,1.020126278,5,0,0,1,,
Catfish,C4C,2022/09/18 22:37:55.65,0.224896576,0.003607341,22.12426926,0.97368909,5,0,0,1,,
Catfish,C4D,2022/09/18 22:43:59.27,0.52978271,0.008497715,54.1535434,2.383297445,5,0,0,1,,
Catfish,C5B,2022/09/18 22:47:47.04,6.679855325,0.107144879,50.71387256,2.231917531,5,0,0,1,,
Catfish,C5E,2022/09/18 22:51:58.85,0.334244002,0.005361274,28.07053734,1.235384348,5,0,0,1,,
Catfish,C1B,2022/09/19 01:03:47.15,0.185748698,0.002979409,31.87294572,1.402728341,6,0,0,1,,
Catfish,C1E,2022/09/19 01:07:17.74,0.129881415,0.002083298,28.08783454,1.236145598,6,0,0,1,,
Catfish,C2A,2022/09/19 01:11:05.34,0.171975254,0.002758483,24.37340781,1.072673678,6,0,0,1,,
Catfish,C2C,2022/09/19 01:19:29.55,0.161136522,0.00258463,24.24126762,1.066858188,6,0,0,1,,
Catfish,C2D,2022/09/19 01:26:02.07,0.618925858,0.009927571,84.85920108,3.734653439,6,0,0,1,,
Catfish,C3B,2022/09/19 01:29:54.74,0.239947306,0.003848755,25.02850915,1.101504688,6,0,0,1,,
Catfish,C3E,2022/09/19 01:33:26.54,0.29856444,0.004788974,37.48698001,1.64980199,6,0,0,1,,
Catfish,C4A,2022/09/19 01:36:44.24,0.371625246,0.005960869,36.57219706,1.609542393,6,0,0,1,,
Catfish,C4C,2022/09/19 01:44:43.95,0.578928994,0.009286021,62.15899429,2.735617339,6,0,0,1,,
Catfish,C4D,2022/09/19 01:49:42.85,1.237268335,0.019845784,37.00469907,1.628576806,6,0,0,1,,
Catfish,C5B,2022/09/19 01:53:48.55,0.499425775,0.008010789,55.16871987,2.427975362,6,0,0,1,,
Catfish,C5E,2022/09/19 01:57:00.37,2.133735154,0.034225112,57.3139898,2.522388691,6,0,0,1,,
Catfish,C1B,2022/09/19 04:08:32.74,0.402953436,0.006463373,71.85207074,3.162209633,7,0,0,1,,
Catfish,C1E,2022/09/19 04:11:49.33,0.22305072,0.003577734,39.46362331,1.736794062,7,0,0,1,,
Catfish,C2A,2022/09/19 04:15:07.93,0.189110832,0.003033338,28.50468583,1.254491223,7,0,0,1,,
Catfish,C2C,2022/09/19 04:21:11.08,0.205087213,0.003289599,33.12363467,1.457771162,7,0,0,1,,
Catfish,C2D,2022/09/19 04:27:45.65,0.213007581,0.003416642,31.83586188,1.401096281,7,0,0,1,,
Catfish,C3B,2022/09/19 04:31:17.33,0.5657029,0.009073875,71.35350927,3.140267943,7,0,0,1,,
Catfish,C3E,2022/09/19 04:34:41.03,0.27535186,0.004416644,27.63703416,1.216305874,7,0,0,1,,
Catfish,C4A,2022/09/19 04:38:09.72,0.431114278,0.006915073,53.35983949,2.348366536,7,0,0,1,,
Catfish,C4C,2022/09/19 04:45:14.24,1.018477616,0.016336381,101.8703285,4.483313159,7,0,0,1,,
Catfish,C4D,2022/09/19 04:48:49.93,0.54692887,0.008772739,45.00294429,1.980579578,7,0,0,1,,
Catfish,C5B,2022/09/19 04:52:16.63,0.556883588,0.008932413,53.3867615,2.349551374,7,0,0,1,,
Catfish,C5E,2022/09/19 04:54:50.63,8.753041559,0.140398787,40.53342607,1.783876081,7,0,0,1,,
Catfish,C1B,2022/09/19 07:23:05.64,0.176086429,0.002824426,43.28493421,1.904969955,8,0,0,0,"no notes, cloud cam no clouds but probably some shade, would be suspect of this data",
Catfish,C1E,2022/09/19 07:26:24.13,0.210685753,0.003379399,42.71834405,1.880034322,8,0,0,0,,
Catfish,C2A,2022/09/19 07:29:20.82,0.24214576,0.003884018,43.75861444,1.925816622,8,0,0,0,,
Catfish,C2C,2022/09/19 07:35:25.13,0.279815308,0.004488238,54.89384273,2.415878019,8,0,0,0,,
Catfish,C2D,2022/09/19 07:41:05.63,0.256687554,0.004117268,56.33342456,2.479234015,8,0,0,0,,
Catfish,C3B,2022/09/19 07:44:22.34,0.443898253,0.007120128,80.81649101,3.556733769,8,0,0,0,,
Catfish,C3E,2022/09/19 07:47:20.33,0.3158769,0.005066665,53.02017408,2.333417861,8,0,0,0,,
Catfish,C4A,2022/09/19 07:50:13.03,0.29717971,0.004766763,33.13285253,1.45817684,8,0,0,0,,
Catfish,C4C,2022/09/19 07:55:48.74,0.349889598,0.005612229,46.72130433,2.056204604,8,0,0,0,,
Catfish,C4D,2022/09/19 08:00:10.53,1.082174918,0.017358086,109.2138478,4.80650144,8,0,0,0,,
Catfish,C5B,2022/09/19 08:04:43.33,-1.600493554,-0.025671917,104.9826217,4.620285179,8,0,0,0,,
Catfish,C5E,2022/09/19 08:08:01.04,0.579827135,0.009300427,48.08610695,2.116269567,8,0,0,0,,
Deans,D1B,2022/08/16 10:39:34.66,0.780875528,0.012525243,92.3098287,4.062555561,1,0,1,0,,
Deans,D1E,2022/08/16 10:44:06.13,0.404087609,0.006481565,58.72985886,2.584701088,1,0,1,0,,
Deans,D2A,2022/08/16 10:48:13.84,0.658722231,0.010565905,79.12333142,3.482217816,1,0,1,0,,
Deans,D2C,2022/08/16 10:56:56.15,0.513794368,0.008241262,66.9654532,2.947149595,1,0,1,0,,
Deans,D2D,2022/08/16 11:05:20.44,1.26538898,0.020296839,162.554335,7.154016285,1,0,1,0,,
Deans,D3B,2022/08/16 11:09:46.14,1.214250165,0.019476573,156.0331988,6.867021081,1,0,1,0,,
Deans,D3E,2022/08/16 11:12:46.84,0.643829625,0.010327027,69.46988871,3.057369802,1,0,1,0,,
Deans,D4A,2022/08/16 11:15:52.84,0.242804045,0.003894577,25.88576986,1.139232732,1,0,1,0,,
Deans,D4C,2022/08/16 11:24:15.54,0.424165094,0.006803608,40.79273782,1.795288391,1,0,1,0,,
Deans,D4D,2022/08/16 11:32:13.34,1.568156111,0.025153224,150.8171656,6.637463459,1,0,1,0,,
Deans,D5B,2022/08/16 11:36:15.35,1.589654386,0.025498056,132.0653855,5.812197617,1,0,1,0,,
Deans,D5E,2022/08/16 11:39:58.35,0.340806228,0.005466532,52.19499696,2.297101816,1,0,1,0,,
Deans,D1B,2022/08/16 13:06:59.43,0.92337014,0.014810857,82.74568438,3.641637569,2,0,0,0,,
Deans,D1E,2022/08/16 13:10:23.12,0.392676273,0.006298527,42.74018075,1.880995355,2,0,0,0,,
Deans,D2A,2022/08/16 13:14:19.52,1.115426211,0.017891436,103.40589,4.550893219,2,0,0,0,,
Deans,D2C,2022/08/16 13:20:07.03,0.673558195,0.010803873,65.75273708,2.893777959,2,0,0,0,,
Deans,D2D,2022/08/16 13:27:30.44,0.540025292,0.008662006,61.54080537,2.708410844,2,0,0,0,,
Deans,D3B,2022/08/16 13:31:56.03,1.069575699,0.017155994,128.2070237,5.642391113,2,0,0,0,,
Deans,D3E,2022/08/16 13:35:06.65,1.986644124,0.031865772,198.5460507,8.738011692,2,0,0,0,,
Deans,D4A,2022/08/16 13:38:25.54,0.304200084,0.004879369,30.21935179,1.329953672,2,0,0,0,,
Deans,D4C,2022/08/16 13:45:09.74,0.414623525,0.006650561,74.77752928,3.290959064,2,0,0,0,,
Deans,D4D,2022/08/16 13:51:42.53,0.754745429,0.012106117,50.45871954,2.220688247,2,0,0,0,,
Deans,D5B,2022/08/16 13:55:19.33,3.276965583,0.052562528,238.8481968,10.51170914,2,0,0,0,,
Deans,D5E,2022/08/16 13:58:49.24,0.408820797,0.006557486,47.4880254,2.089947998,2,1,0,0,,
Deans,D1B,2022/08/16 16:07:12.41,0.571911669,0.009173463,55.78812925,2.455235568,3,0,1,0,notes are little unclear for this sampling period,
Deans,D1E,2022/08/16 16:10:46.06,0.565228257,0.009066261,30.29207587,1.333154259,3,0,1,0,,
Deans,D2A,2022/08/16 16:16:02.35,0.525067157,0.008422077,29.4120694,1.294425174,3,0,1,0,,
Deans,D2C,2022/08/16 16:33:30.68,0.387186054,0.006210464,38.12721035,1.677978527,3,0,1,0,,
Deans,D2D,2022/08/16 16:39:57.07,1.12291212,0.01801151,73.89744435,3.252226526,3,1,0,0,,
Deans,D3B,2022/08/16 16:46:44.47,1.15118906,0.018465073,103.9698218,4.575711858,3,0,0,0,,
Deans,D3E,2022/08/16 16:50:00.26,0.853038625,0.01368274,45.07338495,1.983679672,3,1,0,0,,
Deans,D4A,2022/08/16 16:53:27.97,0.421992596,0.006768761,35.43637607,1.559554911,3,0,0,0,,
Deans,D4C,2022/08/16 16:59:39.57,0.762633254,0.012232637,65.12649302,2.866216958,3,0,0,0,,
Deans,D4D,2022/08/16 17:04:38.17,0.358585924,0.005751718,43.0192405,1.893276774,3,0,0,0,,
Deans,D5B,2022/08/16 17:08:21.98,0.933691774,0.014976416,41.76938051,1.838270436,3,0,0,0,,
Deans,D5E,2022/08/16 17:15:23.68,0.297187987,0.004766895,24.35529022,1.071876323,3,1,0,0,,
Deans,D1B,2022/08/16 19:07:42.10,1.123563018,0.018021951,82.3210119,3.622947734,4,0,0,0,"no notes, but cloud cam shows clouds",
Deans,D1E,2022/08/16 19:11:53.56,0.448129252,0.007187993,47.50096454,2.090517449,4,0,0,0,,
Deans,D2A,2022/08/16 19:15:37.15,0.314824871,0.005049791,25.81809036,1.136254157,4,0,0,0,,
Deans,D2C,2022/08/16 19:23:14.49,0.463724464,0.00743814,32.70936561,1.439539181,4,0,0,0,,
Deans,D2D,2022/08/16 19:30:05.16,0.294967585,0.00473128,31.56229834,1.38905675,4,0,0,0,,
Deans,D3B,2022/08/16 19:34:35.86,1.49226692,0.023935961,102.5938655,4.51515602,4,0,0,0,,
Deans,D3E,2022/08/16 19:37:47.55,0.956489124,0.015342086,90.57632714,3.986264157,4,0,0,0,,
Deans,D4A,2022/08/16 19:40:29.44,0.256068797,0.004107344,21.95488525,0.9662345,4,0,0,0,,
Deans,D4C,2022/08/16 19:47:21.28,0.364268947,0.005842874,26.41069423,1.162334653,4,0,0,0,,
Deans,D4D,2022/08/16 19:55:16.25,0.702891102,0.011274373,58.4127585,2.570745501,4,0,0,0,,
Deans,D5B,2022/08/16 19:58:53.16,1.328845173,0.021314677,69.49337325,3.058403357,4,0,0,0,,
Deans,D5E,2022/08/16 20:02:31.05,0.745555636,0.011958712,57.22106403,2.518299028,4,0,0,0,,
Deans,D1B,2022/08/16 22:02:25.05,0.946339029,0.015179278,62.28707719,2.741254267,5,0,0,1,,
Deans,D1E,2022/08/16 22:06:26.35,0.562026386,0.009014903,43.62525823,1.919947615,5,0,0,1,,
Deans,D2A,2022/08/16 22:10:00.84,0.477907169,0.007665631,40.78402907,1.794905119,5,0,0,1,,
Deans,D2C,2022/08/16 22:15:28.95,0.657498158,0.01054627,61.39209889,2.701866272,5,0,0,1,,
Deans,D2D,2022/08/16 22:22:36.86,0.464559599,0.007451536,42.78937528,1.883160406,5,0,0,1,,
Deans,D3B,2022/08/16 22:26:38.74,1.607728996,0.025787973,162.2252151,7.139531715,5,0,0,1,,
Deans,D3E,2022/08/16 22:29:59.47,1.243597519,0.019947304,64.26871227,2.828466027,5,0,0,1,,
Deans,D4A,2022/08/16 22:37:10.85,0.223612897,0.003586751,24.90182951,1.095929517,5,0,0,1,,
Deans,D4C,2022/08/16 22:41:17.75,0.627992339,0.010072997,46.92080033,2.064984423,5,0,0,1,,
Deans,D4D,2022/08/16 22:47:01.65,-2.262404924,-0.036288975,78.48585882,3.454162647,5,0,0,1,,
Deans,D5B,2022/08/16 22:51:19.25,0.653753638,0.010486208,51.9239441,2.28517278,5,0,0,1,,
Deans,D5E,2022/08/16 22:55:06.16,1.385862339,0.022229232,51.72732568,2.276519603,5,0,0,1,,
Deans,D1B,2022/08/17 01:07:50.14,0.924539049,0.014829606,80.30142773,3.534065834,6,0,0,1,,
Deans,D1E,2022/08/17 01:12:34.63,0.603751206,0.009684169,58.97248207,2.595378936,6,0,0,1,,
Deans,D2A,2022/08/17 01:17:30.34,0.395935406,0.006350804,39.63213152,1.744210108,6,0,0,1,,
Deans,D2C,2022/08/17 01:23:40.65,0.439256704,0.007045678,62.81894424,2.764661736,6,0,0,1,,
Deans,D2D,2022/08/17 01:31:26.24,1.554204231,0.024929436,177.556026,7.814240704,6,0,0,1,,
Deans,D3B,2022/08/17 01:36:31.84,0.251491933,0.004033931,36.34169224,1.599397876,6,0,0,1,,
Deans,D3E,2022/08/17 01:40:30.45,0.759296213,0.012179111,58.0318878,2.553983382,6,0,0,1,,
Deans,D4A,2022/08/17 01:44:50.23,0.236281012,0.003789947,27.07625944,1.191626178,6,0,0,1,,
Deans,D4C,2022/08/17 01:52:02.84,0.677332945,0.01086442,55.93752423,2.461810441,6,0,0,1,,
Deans,D5B,2022/08/17 02:02:55.44,1.698065873,0.027236977,94.80395046,4.17232186,6,0,0,1,,
Deans,D5E,2022/08/17 02:07:05.33,0.681468874,0.010930761,46.63443686,2.052381566,6,0,0,1,,
Deans,D1B,2022/08/17 04:08:46.22,0.491674097,0.007886453,85.44719938,3.760531245,7,0,0,1,,
Deans,D1E,2022/08/17 04:13:32.43,0.896108724,0.014373584,89.66544438,3.946176207,7,0,0,1,,
Deans,D2A,2022/08/17 04:17:47.81,1.709334332,0.027417723,49.98572377,2.199871703,7,0,0,1,,
Deans,D2C,2022/08/17 04:25:29.03,0.336087978,0.005390851,51.69818137,2.275236962,7,0,0,1,,
Deans,D2D,2022/08/17 04:34:38.55,0.676298937,0.010847835,90.20327297,3.969846043,7,0,0,1,,
Deans,D3B,2022/08/17 04:43:31.22,0.954402738,0.01530862,113.9256895,5.013869594,7,0,0,1,,
Deans,D3E,2022/08/17 04:48:02.92,0.709937331,0.011387395,76.79691178,3.379832087,7,0,0,1,,
Deans,D4A,2022/08/17 04:52:08.83,-1.412340393,-0.02265394,37.41574302,1.646666851,7,0,0,1,,
Deans,D4C,2022/08/17 04:58:43.63,0.830815695,0.013326284,54.77966237,2.410852941,7,0,0,1,,
Deans,D4D,2022/08/17 05:06:10.96,0.738730716,0.011849241,68.06844675,2.995692341,7,0,0,1,,
Deans,D5B,2022/08/17 05:12:00.63,1.597673825,0.025626688,85.33832162,3.755739534,7,0,0,1,,
Deans,D5E,2022/08/17 05:16:19.62,0.561089421,0.008999874,41.76655808,1.838146221,7,0,0,1,,
Deans,D1B,2022/08/17 08:54:49.48,0.498028845,0.007988383,138.4177432,6.091764877,8,0,1,0,,
Deans,D1E,2022/08/17 08:57:45.14,0.418958947,0.006720102,61.80701126,2.720126565,8,0,1,0,,
Deans,D2A,2022/08/17 09:01:25.44,0.390747055,0.006267583,53.58351228,2.358210375,8,0,1,0,,
Deans,D2C,2022/08/17 09:06:25.25,0.594829295,0.009541062,76.45669974,3.364859356,8,0,1,0,,
Deans,D2D,2022/08/17 09:14:47.45,0.804754661,0.012908265,124.32069,5.471353567,8,0,1,0,,
Deans,D3B,2022/08/17 09:21:04.05,0.723473216,0.01160451,90.1787537,3.96876695,8,0,1,0,,
Deans,D3E,2022/08/17 09:24:11.75,2.096083159,0.033621174,202.4720681,8.910795718,8,0,1,0,,
Deans,D4A,2022/08/17 09:26:57.46,0.530885934,0.00851541,49.33642157,2.171295913,8,0,1,0,,
Deans,D4C,2022/08/17 09:32:48.25,0.589697808,0.009458753,56.51723474,2.487323501,8,0,1,0,,
Deans,D4D,2022/08/17 09:38:06.06,0.723823558,0.01161013,142.4129036,6.267591888,8,0,1,0,,
Deans,D5B,2022/08/17 09:41:30.94,0.68738703,0.011025688,57.34407791,2.523712869,8,0,1,0,,
Deans,D5E,2022/08/17 09:44:22.76,0.374250173,0.006002973,44.43356374,1.95552114,8,0,1,0,,
Deans,D1B,2022/08/30 10:04:37.53,0.662578318,0.010627756,72.62558455,3.196251976,1,0,1,0,,
Deans,D1E,2022/08/30 10:08:38.22,0.247255223,0.003965974,26.65836941,1.173234838,1,0,1,0,,
Deans,D2A,2022/08/30 10:12:21.73,0.349160082,0.005600528,41.13416001,1.810314382,1,0,1,0,,
Deans,D2C,2022/08/30 10:20:59.86,0.402397077,0.006454449,50.14162885,2.206733086,1,0,1,0,,
Deans,D2D,2022/08/30 10:27:29.23,0.499125323,0.00800597,62.92287634,2.769235788,1,0,1,0,,
Deans,D3B,2022/08/30 10:31:45.93,0.255575497,0.004099431,20.66288661,0.90937364,1,0,1,0,,
Deans,D3E,2022/08/30 10:34:55.55,0.147754621,0.002369984,22.74420221,1.000972339,1,0,1,0,,
Deans,D4A,2022/08/30 10:38:47.34,0.296958552,0.004763215,24.91875906,1.096674586,1,0,1,0,,
Deans,D4C,2022/08/30 10:46:05.04,0.659490508,0.010578228,58.45923428,2.572790901,1,0,1,0,,
Deans,D4D,2022/08/30 10:51:18.64,1.009913543,0.016199013,93.65260774,4.121651267,1,0,1,0,,
Deans,D5B,2022/08/30 10:56:53.45,0.673731811,0.010806658,26.51268772,1.166823387,1,0,1,0,,
Deans,D5E,2022/08/30 11:00:12.33,0.947669044,0.015200611,22.58457114,0.993946976,1,0,1,0,,
Deans,D1B,2022/08/30 12:52:34.23,1.126460439,0.018068425,69.6068906,3.063399255,2,0,0,0,,
Deans,D1E,2022/08/30 12:56:26.73,0.342687472,0.005496707,31.3448287,1.379485911,2,0,0,0,,
Deans,D2A,2022/08/30 12:59:49.23,0.29396072,0.00471513,20.42293634,0.898813428,2,0,0,0,,
Deans,D2C,2022/08/30 13:06:23.73,0.283639717,0.004549581,27.40938568,1.206287064,2,0,0,0,,
Deans,D2D,2022/08/30 13:14:43.03,0.214062882,0.003433569,22.91660022,1.008559576,2,0,0,0,,
Deans,D3B,2022/08/30 13:19:36.63,0.331193149,0.005312338,29.08691296,1.280115039,2,0,0,0,,
Deans,D3E,2022/08/30 13:22:54.26,0.715124608,0.011470599,50.64496362,2.228884849,2,0,0,0,,
Deans,D4A,2022/08/30 13:27:33.83,0.10540053,0.001690625,6.196758892,0.272719359,2,1,0,0,,
Deans,D4C,2022/08/30 13:35:12.23,0.367370906,0.005892629,28.04950739,1.23445882,2,0,0,0,,
Deans,D4D,2022/08/30 13:46:32.87,0.640360198,0.010271378,48.45601473,2.132549208,2,0,0,0,,
Deans,D5B,2022/08/30 13:50:39.84,0.314135317,0.00503873,19.8068262,0.871698421,2,0,0,0,,
Deans,D5E,2022/08/30 13:54:13.53,-0.126801565,-0.002033897,7.650092569,0.336680574,2,1,0,0,,
Deans,D1B,2022/08/30 15:56:48.55,1.099906053,0.017642493,33.13277771,1.458173547,3,0,0,0,,
Deans,D1E,2022/08/30 16:00:01.13,0.266046727,0.00426739,19.55641475,0.860677813,3,0,0,0,,
Deans,D2A,2022/08/30 16:04:19.64,0.912320325,0.014633618,36.36349353,1.60035735,3,0,0,0,,
Deans,D2C,2022/08/30 16:10:28.74,0.376959194,0.006046425,19.35669776,0.851888269,3,0,0,0,,
Deans,D2D,2022/08/30 16:16:15.23,0.23146907,0.003712764,16.1812011,0.712134661,3,1,0,0,,
Deans,D3B,2022/08/30 16:20:32.85,0.832773047,0.01335768,28.43037549,1.251220825,3,0,0,0,,
Deans,D3E,2022/08/30 16:23:30.55,0.278646402,0.004469488,16.85314565,0.74170694,3,1,0,0,,
Deans,D4A,2022/08/30 16:26:59.32,0.135262469,0.00216961,15.43485577,0.679288003,3,0,0,0,,
Deans,D4C,2022/08/30 16:33:19.97,0.243018273,0.003898013,10.58060296,0.465652336,3,1,0,0,,
Deans,D4D,2022/08/30 16:40:07.83,0.403311895,0.006469123,18.51544575,0.814864767,3,1,0,0,,
Deans,D5B,2022/08/30 16:44:29.53,0.803665595,0.012890796,35.40489017,1.558169216,3,0,0,0,,
Deans,D5E,2022/08/30 16:48:03.23,0.294515152,0.004724023,11.39760336,0.501608524,3,1,0,0,,
Deans,D1B,2022/08/30 20:13:43.25,0.212821846,0.003413662,13.28985609,0.584886567,4,0,0,1,,
Deans,D1E,2022/08/30 20:17:50.04,0.168472608,0.002702301,12.06212502,0.530854122,4,0,0,1,,
Deans,D2A,2022/08/30 20:23:32.34,0.111125537,0.001782454,9.812184588,0.431834244,4,0,0,1,,
Deans,D2C,2022/08/30 20:29:30.54,0.168565279,0.002703787,9.948494736,0.437833253,4,0,0,1,,
Deans,D2D,2022/08/30 20:37:18.93,0.31547967,0.005060294,13.57927821,0.597624034,4,0,0,1,,
Deans,D3B,2022/08/30 20:41:43.45,0.234649008,0.00376377,11.97559779,0.527046059,4,0,0,1,,
Deans,D3E,2022/08/30 20:46:48.24,0.268885839,0.004312929,10.89717335,0.479584599,4,0,0,1,,
Deans,D4A,2022/08/30 20:50:06.03,0.174165845,0.00279362,8.928554764,0.392945695,4,0,0,1,,
Deans,D4C,2022/08/30 20:55:45.73,0.171822144,0.002756027,12.32488657,0.542418258,4,0,0,1,,
Deans,D4D,2022/08/30 21:02:28.64,0.313064839,0.00502156,12.01900836,0.528956558,4,0,0,1,,
Deans,D5B,2022/08/30 21:07:08.54,0.339631976,0.005447697,18.96339077,0.834578828,4,0,0,1,,
Deans,D5E,2022/08/30 21:10:52.54,0.702592759,0.011269588,41.89637233,1.843859346,4,0,0,1,,
Deans,D1B,2022/08/30 22:08:36.73,0.124184678,0.001991922,0.533862741,0.023495299,5,0,0,1,,
Deans,D1E,2022/08/30 22:12:22.46,0.260269437,0.004174722,12.66623546,0.557441022,5,0,0,1,,
Deans,D2A,2022/08/30 22:16:14.93,0.129867224,0.00208307,4.726311029,0.208004948,5,0,0,1,,
Deans,D2C,2022/08/30 22:23:39.12,0.183942043,0.00295043,11.23735489,0.494555989,5,0,0,1,,
Deans,D2D,2022/08/30 22:29:35.73,0.214848197,0.003446165,10.55872363,0.464689427,5,0,0,1,,
Deans,D3B,2022/08/30 22:34:00.33,0.236350047,0.003791055,12.67058226,0.557632325,5,0,0,1,,
Deans,D3E,2022/08/30 22:38:15.83,0.393632895,0.006313872,26.34139309,1.15928471,5,0,0,1,,
Deans,D4A,2022/08/30 22:41:05.64,0.131382851,0.002107381,7.338126572,0.32295095,5,0,0,1,,
Deans,D4C,2022/08/30 22:48:01.53,0.111086814,0.001781832,9.134025877,0.401988479,5,0,0,1,,
Deans,D4D,2022/08/30 22:55:04.33,0.205640679,0.003298476,8.976550911,0.395058006,5,0,0,1,,
Deans,D5B,2022/08/30 22:58:57.02,0.452517099,0.007258374,26.76913042,1.17810943,5,0,0,1,,
Deans,D5E,2022/08/30 23:02:38.83,1.311521039,0.021036797,30.22485445,1.330195844,5,0,0,1,,
Deans,D1B,2022/08/31 01:43:41.89,0.194187712,0.003114771,5.384409385,0.236967857,6,0,0,1,,
Deans,D1E,2022/08/31 01:49:43.27,0.358443354,0.005749431,16.05121223,0.70641385,6,0,0,1,,
Deans,D2A,2022/08/31 01:53:32.27,0.160070234,0.002567527,16.58829949,0.730051061,6,0,0,1,,
Deans,D2C,2022/08/31 02:00:03.87,0.135159918,0.002167965,13.33005222,0.586655598,6,0,0,1,,
Deans,D2D,2022/08/31 02:06:57.15,0.190265614,0.00305186,24.78440423,1.09076163,6,0,0,1,,
Deans,D3B,2022/08/31 02:11:44.87,0.203401919,0.003262567,14.79150875,0.6509743,6,0,0,1,,
Deans,D3E,2022/08/31 02:15:09.67,0.573679983,0.009201827,35.43971746,1.559701965,6,0,0,1,,
Deans,D4A,2022/08/31 02:18:25.47,0.175849771,0.00282063,10.03242854,0.44152718,6,0,0,1,,
Deans,D4C,2022/08/31 02:25:08.96,0.171047266,0.002743598,18.38844555,0.809275488,6,0,0,1,,
Deans,D4D,2022/08/31 02:32:56.67,0.334820202,0.005370516,25.62210248,1.12762873,6,0,0,1,,
Deans,D5B,2022/08/31 02:38:02.58,0.607029444,0.009736752,23.30280331,1.025556374,6,0,0,1,,
Deans,D5E,2022/08/31 02:42:36.48,0.378328378,0.006068387,14.77294701,0.650157398,6,0,0,1,,
Deans,D1B,2022/08/31 04:29:12.05,0.340510183,0.005461783,39.25204296,1.727482411,7,0,0,1,,
Deans,D1E,2022/08/31 04:32:59.65,1.368696246,0.021953888,86.09975842,3.789250368,7,0,0,1,,
Deans,D2A,2022/08/31 04:36:38.04,0.12835285,0.00205878,15.30370824,0.6735162,7,0,0,1,,
Deans,D2C,2022/08/31 04:41:16.74,0.262591671,0.00421197,41.21295026,1.813781941,7,0,0,1,,
Deans,D2D,2022/08/31 04:47:50.14,0.219784554,0.003525344,33.90119064,1.4919914,7,0,0,1,,
Deans,D3B,2022/08/31 04:52:29.84,0.302524365,0.004852491,41.68930295,1.834746223,7,0,0,1,,
Deans,D3E,2022/08/31 04:56:05.46,0.401407397,0.006438575,34.44141164,1.515766526,7,0,0,1,,
Deans,D4A,2022/08/31 04:58:47.04,0.58713135,0.009417587,29.74110582,1.308906067,7,0,0,1,,
Deans,D4C,2022/08/31 05:04:44.64,0.300495138,0.004819942,20.79671169,0.915263282,7,0,0,1,,
Deans,D4D,2022/08/31 05:08:21.44,0.383033792,0.006143862,25.25982198,1.111684765,7,0,0,1,,
Deans,D5B,2022/08/31 05:12:17.14,0.583332877,0.009356659,25.74517789,1.133045279,7,0,0,1,,
Deans,D5E,2022/08/31 05:15:59.94,0.313163238,0.005023138,25.50248341,1.122364295,7,0,0,1,,
Deans,D1B,2022/08/31 07:16:04.94,0.269771542,0.004327136,37.92456526,1.669060117,8,0,0,0,"no notes, cloud cam no clouds but probably some shade, would be suspect of this data",
Deans,D1E,2022/08/31 07:19:36.43,0.225722003,0.003620581,20.08413276,0.883902683,8,0,0,0,,
Deans,D2A,2022/08/31 07:22:53.04,0.358589918,0.005751782,33.27760327,1.46454732,8,0,0,0,,
Deans,D2C,2022/08/31 07:27:45.62,0.170700425,0.002738035,23.02342021,1.013260724,8,0,0,0,,
Deans,D2D,2022/08/31 07:32:11.42,0.266758662,0.004278809,46.87204534,2.062838715,8,0,0,0,,
Deans,D3B,2022/08/31 07:36:11.02,0.364712767,0.005849993,70.0974638,3.084989382,8,0,0,0,,
Deans,D3E,2022/08/31 07:39:49.62,0.646350068,0.010367455,77.17523487,3.396482087,8,0,0,0,,
Deans,D4A,2022/08/31 07:42:55.52,0.411754336,0.00660454,25.4876985,1.121713611,8,0,0,0,,
Deans,D4C,2022/08/31 07:48:17.23,0.532061052,0.008534259,43.0450569,1.894412954,8,0,0,0,,
Deans,D4D,2022/08/31 07:52:48.14,0.334658689,0.005367925,37.04000401,1.630130576,8,0,0,0,,
Deans,D5B,2022/08/31 07:56:22.13,0.545495296,0.008749745,34.92538268,1.537066092,8,0,0,0,,
Deans,D5E,2022/08/31 08:00:04.93,0.240549852,0.00385842,20.82163017,0.916359944,8,0,0,0,,
Pick,P1A,2022/06/20 10:54:00.28,1.410554448,0.022625293,93.40009938,4.110538374,NA,,,,,
Pick,P1B,2022/06/20 11:00:56.48,3.831853858,0.061462936,93.22530259,4.102845567,NA,,,,,
Pick,P1C,2022/06/20 11:07:47.18,3.631820443,0.0582544,153.4035508,6.751290269,NA,,,,,
Pick,P1D,2022/06/20 11:11:51.85,3.078576394,0.049380365,323.1599128,14.22226776,NA,,,,,
Pick,P1E,2022/06/20 11:17:05.64,1.073559355,0.017219892,149.5061263,6.579764616,NA,,,,,
Pick,P2A,2022/06/20 11:27:13.28,7.464024368,0.119722951,-66.97199608,-2.947437548,NA,,,,,
Pick,P2B,2022/06/20 11:30:57.95,0.446158542,0.007156383,188.6762146,8.303640206,NA,,,,,
Pick,P2C,2022/06/20 11:34:43.84,1.98845751,0.031894858,187.7594461,8.263293223,NA,,,,,
Pick,P2D,2022/06/20 11:39:30.47,2.282223184,0.03660686,197.485609,8.691341653,NA,,,,,
Pick,P2E,2022/06/20 11:42:51.36,1.315412864,0.021099222,95.29344067,4.193864324,NA,,,,,
Pick,P3A,2022/06/20 11:51:37.35,13.04851092,0.209298115,58.02904241,2.553858157,NA,,,,,
Pick,P3B,2022/06/20 11:55:42.14,7.636481112,0.122489157,153.7035143,6.764491663,NA,,,,,
Pick,P3C,2022/06/20 12:01:09.06,2.679144175,0.042973473,104.1712668,4.584577452,NA,,,,,
Pick,P3D,2022/06/20 12:05:16.04,2.801421311,0.044934798,104.5233415,4.600072261,NA,,,,,
Pick,P3E,2022/06/20 12:10:04.95,3.042139632,0.04879592,64.57686256,2.842027721,NA,,,,,
Pick,P4A,2022/06/20 12:19:38.51,23.32149908,0.374076845,-88.28144679,-3.885266473,NA,,,,,
Pick,P4B,2022/06/20 12:24:19.93,4.943709665,0.079297103,-217.106479,-9.554856139,NA,,,,,
Pick,P4C,2022/06/20 12:30:28.12,3.579878765,0.057421255,-54.1832497,-2.384604819,NA,,,,,
Pick,P4D,2022/06/20 12:36:54.53,8.137213904,0.130520911,-317.4191471,-13.96961666,NA,,,,,
Pick,P4E,2022/06/20 12:40:25.92,-1.069635502,-0.017156953,-295.2696476,-12.99481719,NA,,,,,
Pick,P5A,2022/06/20 12:44:46.23,8.187939703,0.131334553,-245.758551,-10.81583383,NA,,,,,
Pick,P5B,2022/06/20 12:51:17.53,2.198962041,0.035271351,-283.133764,-12.46071695,NA,,,,,
Pick,P5C,2022/06/20 12:55:29.23,5.721200205,0.091768051,-428.5718427,-18.8614468,NA,,,,,
Pick,P5D,2022/06/20 12:59:13.12,7.156806864,0.114795182,-169.9642692,-7.480127486,NA,,,,,
Pick,P5E,2022/06/20 13:02:32.82,-14.14251206,-0.226845894,-247.8017041,-10.905753,NA,,,,,
Pick,P1A,2022/06/20 14:43:49.57,2.684000592,0.043051369,94.34730252,4.152224784,NA,,,,,
Pick,P1B,2022/06/20 14:48:03.07,-0.113132655,-0.001814648,124.8700446,5.495530661,NA,,,,,
Pick,P1C,2022/06/20 14:53:18.53,3.89331663,0.062448799,274.7448561,12.09152112,NA,,,,,
Pick,P1D,2022/06/20 14:58:54.03,4.97152676,0.079743289,304.0942841,13.38318944,NA,,,,,
Pick,P1E,2022/06/20 15:02:03.63,0.798621205,0.012809884,171.7858174,7.560293822,NA,,,,,
Pick,P2A,2022/06/20 15:09:52.26,0.932559699,0.014958258,55.58756257,2.446408629,NA,,,,,
Pick,P2B,2022/06/20 15:16:58.84,0.979205084,0.01570645,69.54407807,3.060634876,NA,,,,,
Pick,P2C,2022/06/20 15:20:30.64,4.371977583,0.07012652,459.6508955,20.22923591,NA,,,,,
Pick,P2D,2022/06/20 15:27:31.44,1.08423663,0.017391156,137.6569623,6.058282909,NA,,,,,
Pick,P2E,2022/06/20 15:30:46.34,1.427235746,0.022892861,169.4723252,7.458477031,NA,,,,,
Pick,P3A,2022/06/20 15:34:51.24,5.959223368,0.095585943,144.2528879,6.348569596,NA,,,,,
Pick,P3B,2022/06/20 15:39:59.03,4.203647955,0.067426513,186.3345419,8.200583189,NA,,,,,
Pick,P3C,2022/06/20 15:42:54.93,2.790209298,0.044754957,140.499847,6.183398267,NA,,,,,
Pick,P3D,2022/06/20 15:49:49.84,3.234320186,0.051878496,108.4229452,4.771693819,NA,,,,,
Pick,P3E,2022/06/20 15:52:50.75,1.49039531,0.023905941,77.75276134,3.421899026,NA,,,,,
Pick,P4A,2022/06/20 16:04:54.65,265.8264401,4.263856099,-102.7528214,-4.522151669,NA,,,,,
Pick,P4B,2022/06/20 16:15:20.44,3.062182488,0.049117407,-242.6761449,-10.68017714,NA,,,,,
Pick,P4C,2022/06/20 16:18:53.44,1.891172444,0.030334406,-86.81951023,-3.820926645,NA,,,,,
Pick,P4D,2022/06/20 16:26:11.44,2.631602165,0.042210899,-107.1198965,-4.714346647,NA,,,,,
Pick,P4E,2022/06/20 16:32:29.46,1.542298074,0.024738461,-0.858585461,-0.037786346,NA,,,,,
Pick,P5A,2022/06/20 16:54:17.95,2.126555766,0.034109954,-310.0947665,-13.64727067,NA,,,,,
Pick,P5B,2022/06/20 16:49:08.94,-2.474611031,-0.039692761,-284.6111219,-12.52573547,NA,,,,,
Pick,P5C,2022/06/20 16:43:41.15,7.189706204,0.115322888,-297.9450653,-13.11256232,NA,,,,,
Pick,P5D,2022/06/20 16:39:55.24,1.405743809,0.022548131,-153.6012259,-6.759989952,NA,,,,,
Pick,P5E,2022/06/20 16:36:00.35,10.89020269,0.174678851,-71.53359898,-3.148193691,NA,,,,,
Pick,P1A,2022/06/20 18:42:26.28,3.110740419,0.049896276,96.18880561,4.233269335,NA,,,,,
Pick,P1B,2022/06/20 18:46:21.04,2.784056819,0.044656271,89.07793882,3.920320088,NA,,,,,
Pick,P1C,2022/06/20 18:50:50.44,3.396319927,0.054476972,245.5352085,10.80600453,NA,,,,,
Pick,P1D,2022/06/20 18:55:40.86,0.717996764,0.011516668,81.13796049,3.570881641,NA,,,,,
Pick,P1E,2022/06/20 18:59:56.73,0.51837069,0.008314666,40.61895585,1.787640247,NA,,,,,
Pick,P1A,2022/06/20 19:52:47.45,0.541700157,0.008688871,4.336181769,0.19083536,NA,,,,,
Pick,P1B,2022/06/20 19:57:14.89,6.41526662,0.102900877,114.7357782,5.049521598,NA,,,,,
Pick,P1C,2022/06/20 20:02:23.63,6.078604384,0.097500814,83.63562544,3.680803876,NA,,,,,
Pick,P1D,2022/06/20 20:05:50.24,8.150242943,0.130729897,108.5367704,4.776703263,NA,,,,,
Pick,P1E,2022/06/20 20:09:26.13,0.664420059,0.010657298,86.21021463,3.794111546,NA,,,,,
Pick,P2A,2022/06/20 20:17:10.85,-0.710665285,-0.011399071,42.03242455,1.849847004,NA,,,,,
Pick,P2B,2022/06/20 20:24:40.54,1.860755348,0.029846516,93.22997466,4.103051185,NA,,,,,
Pick,P2C,2022/06/20 20:27:52.34,1.942940863,0.031164771,66.56133839,2.929364502,NA,,,,,
Pick,P2D,2022/06/20 20:35:31.95,1.024888462,0.016439211,84.60308343,3.723381702,NA,,,,,
Pick,P2E,2022/06/20 20:38:46.75,1.042744447,0.016725621,97.66142425,4.298079281,NA,,,,,
Pick,P3A,2022/06/20 20:44:57.64,3.975855544,0.063772723,84.30794635,3.710392719,NA,,,,,
Pick,P3B,2022/06/20 20:48:07.64,1.574868203,0.025260886,87.68220326,3.858893765,NA,,,,,
Pick,P3C,2022/06/20 20:51:50.65,2.474187466,0.039685967,98.7049602,4.344005299,NA,,,,,
Pick,P3D,2022/06/20 20:55:27.45,0.639615758,0.010259437,140.7018311,6.192287586,NA,,,,,
Pick,P3E,2022/06/20 20:58:08.44,-5.850083359,-0.093835337,88.87254514,3.911280712,NA,,,,,
Pick,P4A,2022/06/20 21:02:44.34,1.072359174,0.017200641,88.71226887,3.904226953,NA,,,,,
Pick,P4B,2022/06/20 21:12:24.36,1.33580859,0.02142637,101.9547239,4.4870274,NA,,,,,
Pick,P4C,2022/06/20 21:16:02.14,1.361193992,0.021833552,119.1070507,5.241901302,NA,,,,,
Pick,P4D,2022/06/20 21:25:12.86,0.57702343,0.009255456,117.1620845,5.156303338,NA,,,,,
Pick,P4E,2022/06/20 21:29:01.76,1.455953139,0.023353488,112.5310892,4.952493235,NA,,,,,
Pick,P5A,2022/06/20 21:47:15.45,0.06045753,0.000969739,131.9379294,5.806588274,NA,,,,,
Pick,P5B,2022/06/20 21:43:19.54,4.033908947,0.0647039,110.043508,4.843014789,NA,,,,,
Pick,P5C,2022/06/20 21:39:49.64,5.83593865,0.093608456,128.3347356,5.648011716,NA,,,,,
Pick,P5D,2022/06/20 21:37:19.65,-0.164800565,-0.002643401,141.6299836,6.233135579,NA,,,,,
Pick,P5E,2022/06/20 21:33:52.64,0.268369841,0.004304652,173.8652194,7.651808308,NA,,,,,
Pick,P1A,2022/06/21 05:22:54.78,0.48153219,0.007723776,180.1100606,7.926643768,NA,,,,,
Pick,P1C,2022/06/21 05:26:57.45,4.124986559,0.066164784,114.2119604,5.026468378,NA,,,,,
Pick,P1E,2022/06/21 05:32:09.94,0.024013858,0.000385182,116.0724069,5.108346627,NA,,,,,
Pick,P2A,2022/06/21 05:37:15.45,0.161435139,0.00258942,90.15877219,3.967887564,NA,,,,,
Pick,P2C,2022/06/21 05:34:02.67,-0.899047917,-0.014420729,86.48861185,3.806363808,NA,,,,,
Pick,P2E,2022/06/21 05:48:54.65,0.340103142,0.005455254,82.74450621,3.641585719,NA,,,,,
Pick,P1A,2022/06/21 00:50:30.25,2.842726148,0.045597327,107.613043,4.736050024,NA,,,,,
Pick,P1C,2022/06/21 00:57:05.64,-1.395759233,-0.022387978,130.6853173,5.751460813,NA,,,,,
Pick,P1E,2022/06/21 01:02:00.93,-404.4396896,-6.487212621,93.84241658,4.130004754,NA,,,,,
Pick,P2A,2022/06/21 01:11:33.26,12.78722886,0.205107151,84.56347413,3.721638497,NA,,,,,
Pick,P2C,2022/06/21 01:17:17.03,0.994857561,0.015957515,114.7729999,5.051159727,NA,,,,,
Pick,P2E,2022/06/21 01:23:27.64,3.207634762,0.051450462,103.9717701,4.575797603,NA,,,,,
Pick,P3A,2022/06/21 01:28:27.34,0.725794234,0.01164174,141.7834399,6.239889191,NA,,,,,
Pick,P3C,2022/06/21 01:32:38.03,2.804154034,0.044978631,126.5689552,5.570299719,NA,,,,,
Pick,P3E,2022/06/21 01:37:04.74,-0.55295444,-0.008869389,136.6263569,6.012925968,NA,,,,,
Pick,P4A,2022/06/21 01:44:41.64,8.15709588,0.130839818,175.0288436,7.703019408,NA,,,,,
Pick,P4C,2022/06/21 01:54:41.24,-1.152067497,-0.018479163,125.9697392,5.543928221,NA,,,,,
Pick,P4E,2022/06/21 02:02:27.24,1.702423608,0.027306875,149.0681721,6.560490254,NA,,,,,
Pick,P5A,2022/06/21 02:17:47.74,3.069175874,0.049229581,101.4381471,4.464292856,NA,,,,,
Pick,P5C,2022/06/21 02:12:32.85,18.21735693,0.292206405,148.4629155,6.533852912,NA,,,,,
Pick,P5E,2022/06/21 02:07:01.03,8.757535188,0.140470864,169.9635467,7.48009569,NA,,,,,
Pick,P3A,2022/06/21 06:24:09.13,2.105596412,0.033773766,124.5419482,5.48109114,NA,,,,,
Pick,P3C,2022/06/21 06:35:12.54,10.5784894,0.16967897,119.1295814,5.242892877,NA,,,,,
Pick,P3E,2022/06/21 06:41:07.93,0.447920985,0.007184653,140.6056189,6.188053287,NA,,,,,
Pick,P4A,2022/06/21 06:46:29.34,0.926509631,0.014861214,94.14320572,4.143242484,NA,,,,,
Pick,P4C,2022/06/21 06:52:18.03,7.225563283,0.115898035,91.71009588,4.03616132,NA,,,,,
Pick,P4E,2022/06/21 06:58:45.63,66.88818785,1.072886533,69.76497191,3.070356414,NA,,,,,
Pick,P5A,2022/06/21 07:15:04.75,2.731730682,0.04381696,85.80632354,3.776336299,NA,,,,,
Pick,P5C,2022/06/21 07:10:57.95,25.28592775,0.405586281,106.0239101,4.666112284,NA,,,,,
Pick,P5E,2022/06/21 07:05:15.14,15.25085524,0.244623718,64.85657454,2.854337845,NA,,,,,
Pick,P1B,2022/07/06 10:22:41.25,2.284567411,0.036644461,46.46387966,2.044875344,NA,,,,,
Pick,P1E,2022/07/06 10:27:28.74,2.341502438,0.037557699,67.3323674,2.963297489,NA,,,,,
Pick,P2A,2022/07/06 10:32:50.23,-1.902989844,-0.030523957,-28.49724432,-1.254163723,NA,,,,,
Pick,P2C,2022/07/06 10:38:23.83,1.277431219,0.020489997,-313.1761139,-13.78288077,NA,,,,,
Pick,P2D,2022/07/06 10:43:18.46,1.708498614,0.027404318,-467.8031092,-20.58801484,NA,,,,,
Pick,P3B,2022/07/06 10:47:51.23,0.078518181,0.001259432,-244.1205543,-10.74374559,NA,,,,,
Pick,P3E,2022/07/06 10:53:38.92,2.242765629,0.035973961,-280.6489175,-12.35135886,NA,,,,,
Pick,P4A,2022/07/06 10:57:54.34,6.359825543,0.102011602,-242.4957767,-10.67223913,NA,,,,,
Pick,P4C,2022/07/06 11:04:01.95,20.54785556,0.329587603,-498.8228373,-21.95319307,NA,,,,,
Pick,P4D,2022/07/06 11:12:23.54,27.06689207,0.434152949,-295.2175244,-12.99252325,NA,,,,,
Pick,P5B,2022/07/06 11:20:32.36,11.12578515,0.178457594,-240.9654992,-10.60489162,NA,,,,,
Pick,P5E,2022/07/06 11:27:17.04,1.29263663,0.020733892,-317.8583028,-13.98894391,NA,,,,,
Pick,P1B,NA,NA,NA,NA,NA,NA,,,,,
Pick,P1E,NA,NA,NA,NA,NA,NA,,,,,
Pick,P2A,NA,NA,NA,NA,NA,NA,,,,,
Pick,P2C,NA,NA,NA,NA,NA,NA,,,,,
Pick,P2D,NA,NA,NA,NA,NA,NA,,,,,
Pick,P3B,NA,NA,NA,NA,NA,NA,,,,,
Pick,P3E,NA,NA,NA,NA,NA,NA,,,,,
Pick,P4A,NA,NA,NA,NA,NA,NA,,,,,
Pick,P4C,NA,NA,NA,NA,NA,NA,,,,,
Pick,P4D,NA,NA,NA,NA,NA,NA,,,,,
Pick,P5B,NA,NA,NA,NA,NA,NA,,,,,
Pick,P5E,NA,NA,NA,NA,NA,NA,,,,,
Pick,P1B,2022/07/06 16:06:56.02,3.865816563,0.062007698,59.00281402,2.596713845,NA,,,,,
Pick,P1B,2022/07/06 18:24:17.25,10.33638255,0.165795576,192.1213217,8.45525937,NA,,,,,
Pick,P1E,2022/07/06 18:28:56.65,-1.523113457,-0.02443074,19.37222394,0.852571576,NA,,,,,
Pick,P2A,2022/07/06 18:33:58.15,-0.961982441,-0.015430198,-63.76422881,-2.80626371,NA,,,,,
Pick,P2C,2022/07/06 18:38:42.76,1.484666814,0.023814056,-83.30906238,-3.666431836,NA,,,,,
Pick,P2D,2022/07/06 18:42:24.34,2.915819555,0.046769746,-13.83303029,-0.608791663,NA,,,,,
Pick,P3B,2022/07/06 18:48:46.65,0.895448015,0.014362986,-161.3729627,-7.102024089,NA,,,,,
Pick,P3E,2022/07/06 18:54:28.95,0.881322149,0.014136407,-59.11477537,-2.601641264,NA,,,,,
Pick,P4A,2022/07/06 18:59:03.56,6.353005115,0.101902202,-153.3922047,-6.750790927,NA,,,,,
Pick,P4C,2022/07/06 19:07:47.84,1.892853477,0.03036137,-101.3231734,-4.459232863,NA,,,,,
Pick,P4D,2022/07/06 19:12:22.43,6.722431656,0.107827804,-35.61014443,-1.567202457,NA,,,,,
Pick,P5B,2022/07/06 19:25:39.15,3.118401485,0.05001916,-62.48898263,-2.750140126,NA,,,,,
Pick,P5E,2022/07/06 19:18:37.35,3.423027587,0.054905362,-49.68397924,-2.186591927,NA,,,,,
Pick,P1B,2022/07/06 21:33:49.97,NA,NA,NA,NA,NA,,,,,
Pick,P1E,2022/07/06 21:39:23.99,NA,NA,NA,NA,NA,,,,,
Pick,P2A,2022/07/06 21:43:33.50,NA,NA,NA,NA,NA,,,,,
Pick,P2C,2022/07/06 21:51:11.46,NA,NA,NA,NA,NA,,,,,
Pick,P1B,2022/07/12 10:15:13.57,13.92952285,0.223429547,440.8493166,19.40177843,NA,,,,,
Pick,P1E,2022/07/12 10:20:10.23,4.544631023,0.072895882,-95.3220175,-4.19512199,NA,,,,,
Pick,P2A,2022/07/12 10:31:09.74,1.327291996,0.021289764,-76.66666897,-3.374100101,NA,,,,,
Pick,P2C,2022/07/12 10:54:51.85,2.222218449,0.035644384,-219.2035194,-9.647146889,NA,,,,,
Pick,P2D,2022/07/12 11:06:13.45,1.799839285,0.028869422,-187.414858,-8.2481279,NA,,,,,
Pick,P3B,2022/07/12 11:12:46.35,1.507547606,0.024181064,-277.213996,-12.20018796,NA,,,,,
Pick,P3E,2022/07/12 11:17:15.33,1.63583705,0.026238826,-294.2866791,-12.95155675,NA,,,,,
Pick,P4A,2022/07/12 11:21:27.24,-6.347070145,-0.101807005,-324.4117636,-14.27736172,NA,,,,,
Pick,P4C,2022/07/12 11:31:46.06,-0.009850696,-0.000158005,-317.5162395,-13.9738897,NA,,,,,
Pick,P4D,2022/07/12 11:40:39.97,0.906415052,0.014538897,-415.7288169,-18.29622523,NA,,,,,
Pick,P5B,2022/07/12 11:51:28.84,3.940135308,0.06319977,-235.2688252,-10.354181,NA,,,,,
Pick,P5E,2022/07/12 11:45:28.84,-21.31246187,-0.341851888,-197.526201,-8.693128108,NA,,,,,
Pick,P1B,2022/07/12 12:56:57.97,0.039500283,0.000633585,223.5533296,9.838582036,NA,,,,,
Pick,P1E,2022/07/12 13:02:40.66,4.940654529,0.079248099,-187.1467404,-8.236328044,NA,,,,,
Pick,P2A,2022/07/12 13:07:16.06,7.061254857,0.113262528,-39.59498847,-1.742575442,NA,,,,,
Pick,P2C,2022/07/12 13:14:00.25,2.259500747,0.036242392,-45.1480138,-1.986964088,NA,,,,,
Pick,P2D,2022/07/12 13:21:07.56,1.186925581,0.019038286,-162.1603864,-7.136678605,NA,,,,,
Pick,P3B,2022/07/12 13:28:00.26,-0.133885943,-0.002147531,-251.5722973,-11.07169681,NA,,,,,
Pick,P3E,2022/07/12 13:33:43.06,1.088406038,0.017458033,-245.3819418,-10.79925926,NA,,,,,
Pick,P4A,2022/07/12 13:38:38.95,2.443057993,0.03918665,-257.4776619,-11.3315919,NA,,,,,
Pick,P4C,2022/07/12 13:46:12.56,-0.42967375,-0.006891967,-288.0172536,-12.67563933,NA,,,,,
Pick,P4D,2022/07/12 13:52:31.26,0.553823958,0.008883336,-157.3497986,-6.924964635,NA,,,,,
Pick,P5B,2022/07/12 14:04:15.96,-2.038247118,-0.032693484,-266.8897148,-11.74581635,NA,,,,,
Pick,P5E,2022/07/12 13:57:25.16,0.585637063,0.009393618,-307.1503641,-13.51768753,NA,,,,,
Pick,P1B,2022/07/12 15:29:58.74,5.354732612,0.085889911,-205.8229539,-9.058268202,NA,,,,,
Pick,P1E,2022/07/12 15:35:10.02,7.338902623,0.117715998,-217.9584201,-9.592350068,NA,,,,,
Pick,P2A,2022/07/12 15:39:21.73,-0.068906443,-0.001105259,-260.0886775,-11.4465027,NA,,,,,
Pick,P2C,2022/07/12 15:44:15.93,-0.459666432,-0.00737305,-361.3174721,-15.90158195,NA,,,,,
Pick,P2D,2022/07/12 15:49:38.43,1.5636329,0.025080672,-297.5516623,-13.09524866,NA,,,,,
Pick,P3B,2022/07/12 15:55:32.83,2.670242742,0.042830694,-185.6611861,-8.170948802,NA,,,,,
Pick,P3E,2022/07/12 16:03:18.23,0.770833196,0.012364164,-146.6679507,-6.45485651,NA,,,,,
Pick,P4A,2022/07/12 16:08:35.93,-2.166090434,-0.034744091,-294.6573732,-12.96787099,NA,,,,,
Pick,P4C,2022/07/12 16:15:41.43,2.723901893,0.043691386,-266.46331,-11.72705027,NA,,,,,
Pick,P4D,2022/07/12 16:20:21.03,0.826613067,0.013258874,-408.6050678,-17.98270903,NA,,,,,
Pick,P5B,2022/07/12 16:36:07.43,10.00678718,0.160508866,-303.7267573,-13.36701459,NA,,,,,
Pick,P5E,2022/07/12 16:25:41.74,0.061813626,0.000991491,-224.0523965,-9.860545969,NA,,,,,
Pick,P1B,2022/07/12 18:20:45.06,1.254632723,0.020124309,-158.2823144,-6.966004658,NA,,,,,
Pick,P1E,2022/07/12 18:27:25.64,1.163232969,0.018658257,9.363023541,0.412066666,NA,,,,,
Pick,P2A,2022/07/12 18:32:00.45,0.507926369,0.008147139,-167.6884996,-7.379970867,NA,,,,,
Pick,P2C,2022/07/12 18:37:50.13,1.313294959,0.021065251,-62.34355002,-2.743739637,NA,,,,,
Pick,P2D,2022/07/12 18:44:39.34,0.377946244,0.006062258,-35.18671557,-1.548567352,NA,,,,,
Pick,P3B,2022/07/12 18:50:34.28,0.661120868,0.010604379,-72.73569788,-3.201098063,NA,,,,,
Pick,P3E,2022/07/12 18:57:32.05,0.863005743,0.013842612,5.526718501,0.243230881,NA,,,,,
Pick,P4A,2022/07/12 19:01:48.44,6.495657179,0.104190341,-27.60388616,-1.21484703,NA,,,,,
Pick,P4C,2022/07/12 19:13:02.94,-1.648940732,-0.026449009,-20.63663434,-0.908218277,NA,,,,,
Pick,P4D,2022/07/12 19:19:44.75,0.390640969,0.006265881,19.26447677,0.847829623,NA,,,,,
Pick,P5B,2022/07/12 19:34:59.46,7.441083476,0.119354979,-35.61875006,-1.56758119,NA,,,,,
Pick,P5E,2022/07/12 19:27:20.64,-0.173823248,-0.002788125,2.754044003,0.121205477,NA,,,,,
Pick,P1B,2022/07/12 21:24:31.18,2.38097735,0.038190877,162.2380901,7.140098345,NA,,,,,
Pick,P1E,2022/07/12 21:29:45.54,-2.133032716,-0.034213845,156.7612372,6.89906205,NA,,,,,
Pick,P2A,2022/07/12 21:35:11.03,0.087951074,0.001410735,127.7129647,5.620647574,NA,,,,,
Pick,P2C,2022/07/12 21:41:37.34,0.785823208,0.012604604,151.8968849,6.684981904,NA,,,,,
Pick,P2D,2022/07/12 21:45:14.24,-2.961662519,-0.047505067,116.9610535,5.147455965,NA,,,,,
Pick,P3B,2022/07/12 21:51:22.74,0.471450298,0.007562063,131.9389559,5.806633448,NA,,,,,
Pick,P3E,2022/07/12 21:56:57.43,-15.37866615,-0.246673805,136.3402313,6.00033358,NA,,,,,
Pick,P4A,2022/07/12 22:01:34.24,-5.570096756,-0.089344352,77.98631587,3.432177762,NA,,,,,
Pick,P4C,2022/07/12 22:06:40.84,-0.20810626,-0.003338024,87.92383016,3.869527765,NA,,,,,
Pick,P4D,2022/07/12 22:11:01.67,0.869413671,0.013945395,218.6551336,9.623012429,NA,,,,,
Pick,P5B,2022/07/12 22:20:17.24,-26.28456357,-0.4216044,112.4645246,4.949563729,NA,,,,,
Pick,P5E,2022/07/12 22:15:20.43,-0.144196877,-0.002312918,104.1146834,4.582087215,NA,,,,,
Pick,P1B,2022/07/13 01:22:17.07,-0.628239114,-0.010076955,124.0781266,5.460678353,NA,,,,,
Pick,P1E,2022/07/13 01:28:27.56,1.451482903,0.023281786,146.9138855,6.465680102,NA,,,,,
Pick,P2A,2022/07/13 01:34:27.94,6.176923563,0.099077854,123.0936225,5.417350327,NA,,,,,
Pick,P2C,2022/07/13 01:39:22.85,1.25531591,0.020135267,137.6831686,6.059436248,NA,,,,,
Pick,P2D,2022/07/13 01:45:08.53,9.133653618,0.146503804,195.0041363,8.58213204,NA,,,,,
Pick,P3B,2022/07/13 01:51:39.45,1.243774533,0.019950144,155.2468415,6.832413496,NA,,,,,
Pick,P3E,2022/07/13 01:56:41.44,1.299486709,0.020843767,167.9774065,7.392685662,NA,,,,,
Pick,P4A,2022/07/13 02:01:51.35,-0.427386896,-0.006855286,123.0705456,5.41633471,NA,,,,,
Pick,P4C,2022/07/13 02:09:46.33,0.23964437,0.003843896,113.5566757,4.997629296,NA,,,,,
Pick,P4D,2022/07/13 02:16:52.34,0.596485531,0.009567628,186.3155457,8.199747168,NA,,,,,
Pick,P5B,2022/07/13 02:27:51.94,13.07428214,0.209711486,81.02150155,3.565756283,NA,,,,,
Pick,P5E,2022/07/13 02:21:21.25,-4.620351497,-0.074110438,118.8099092,5.228824102,NA,,,,,
Pick,P1B,2022/07/13 05:16:08.26,1.135797513,0.018218192,165.9407253,7.30305132,NA,,,,,
Pick,P1E,2022/07/13 05:24:03.65,3.474780961,0.055735487,122.7492317,5.402193686,NA,,,,,
Pick,P2A,2022/07/13 05:30:48.85,1.531805486,0.02457016,140.4527862,6.18132712,NA,,,,,
Pick,P2C,2022/07/13 05:38:41.36,2.073050559,0.033251731,150.0512048,6.603753525,NA,,,,,
Pick,P2D,2022/07/13 05:45:24.05,0.391938715,0.006286697,167.2003588,7.358487791,NA,,,,,
Pick,P3B,2022/07/13 05:54:06.26,-0.996441303,-0.015982918,112.8228551,4.965333855,NA,,,,,
Pick,P3E,2022/07/13 06:01:59.97,0.551555713,0.008846954,153.5596417,6.758159831,NA,,,,,
Pick,P4A,2022/07/13 06:07:50.95,-13.07380248,-0.209703792,134.7259213,5.929287798,NA,,,,,
Pick,P4C,2022/07/13 06:16:28.75,-0.211801734,-0.0033973,118.9988565,5.237139673,NA,,,,,
Pick,P4D,2022/07/13 06:23:04.55,0.599766569,0.009620256,184.0266056,8.099010911,NA,,,,,
Pick,P5B,2022/07/13 06:35:34.06,7.10449662,0.113956126,126.416126,5.563573705,NA,,,,,
Pick,P5E,2022/07/13 06:28:35.45,0.789161735,0.012658154,165.3371125,7.27648632,NA,,,,,
Pick,P1B,2022/07/13 08:28:02.66,3.670447582,0.058873979,-79.43982765,-3.496146815,NA,,,,,
Pick,P1E,2022/07/13 08:31:14.44,2.124550789,0.034077795,-15.75055567,-0.693181955,NA,,,,,
Pick,P2A,2022/07/13 08:34:07.23,13.05441538,0.209392823,-30.56705894,-1.345256264,NA,,,,,
Pick,P2C,2022/07/13 08:39:41.53,0.204278495,0.003276627,85.38204053,3.757663604,NA,,,,,
Pick,P2D,2022/07/13 08:45:16.95,3.148164117,0.050496552,-64.65342162,-2.845397085,NA,,,,,
Pick,P3B,2022/07/13 08:58:55.97,1.33202232,0.021365638,-125.1876367,-5.509507893,NA,,,,,
Pick,P3E,2022/07/13 09:03:42.17,0.35357765,0.005671386,14.3173397,0.63010612,NA,,,,,
Pick,P4A,2022/07/13 09:08:27.39,9.09243765,0.1458427,2.669869989,0.117500978,NA,,,,,
Pick,P4C,2022/07/13 09:12:16.91,2.652243485,0.042541985,-110.1735093,-4.848736146,NA,,,,,
Pick,P4D,2022/07/13 09:15:37.56,-0.506183836,-0.008119189,-46.30264196,-2.037779273,NA,,,,,
Pick,P5B,2022/07/13 09:23:36.66,7.048074026,0.113051107,-91.46356894,-4.025311669,NA,,,,,
Pick,P5E,2022/07/13 09:19:02.06,-4.878183235,-0.078246059,-122.0077526,-5.369561191,NA,,,,,
Picks,P1B,2022/09/13 10:36:48.97,39.37295481,0.631542195,77.14418269,3.39511548,1,0,0,0,wolffia,
Picks,P1E,2022/09/13 10:41:45.64,35.34014042,0.566855852,206.4974988,9.087954924,1,1,0,0,wolffia,
Picks,P2A,2022/09/13 10:45:18.44,13.65307675,0.218995351,63.18893565,2.780945058,1,1,0,0,wolffia,
Picks,P2C,2022/09/13 10:50:43.09,25.54292622,0.409708537,19.5996744,0.86258167,1,0,0,0,wolffia,
Picks,P2D,2022/09/13 10:55:06.83,17.30643602,0.277595234,-130.7539533,-5.754481487,1,0,0,0,wolffia,
Picks,P3B,2022/09/13 10:59:31.64,7.451809652,0.119527027,-41.62428135,-1.831884622,1,1,0,0,wolffia,
Picks,P3E,2022/09/13 11:03:01.43,31.65810505,0.507796005,27.24935671,1.199244189,1,0,0,0,wolffia,
Picks,P4A,2022/09/13 11:08:31.24,20.03489642,0.321359739,-65.18545447,-2.868811851,1,1,0,0,wolffia,
Picks,P4C,2022/09/13 11:11:59.03,8.957487734,0.143678103,-313.5380212,-13.79880831,1,0,0,0,wolffia,
Picks,P4D,2022/09/13 11:15:45.73,5.992765732,0.096123962,-330.0754697,-14.52662142,1,0,0,0,wolffia,
Picks,P5B,2022/09/13 11:19:28.64,72.30550512,1.159780302,-326.0605032,-14.34992275,1,0,0,0,wolffia,
Picks,P5E,2022/09/13 11:24:19.44,23.29327966,0.373624206,-270.7363602,-11.91510721,1,0,0,0,wolffia,
Picks,P1B,2022/09/13 12:55:58.78,79.82653182,1.28041757,531.9317552,23.41031655,2,0,0,0,wolffia,
Picks,P1E,2022/09/13 13:00:13.13,38.37799927,0.615583108,295.627971,13.010587,2,0,0,0,wolffia,
Picks,P2A,2022/09/13 13:06:06.65,19.23221225,0.308484685,-108.317971,-4.767073905,2,0,0,0,wolffia,
Picks,P2C,2022/09/13 13:10:43.43,49.94092457,0.80105243,481.4486429,21.18855478,2,0,0,0,wolffia,
Picks,P2D,2022/09/13 13:15:15.82,43.27063751,0.694061026,498.5328964,21.94043277,2,0,0,0,wolffia,
Picks,P3B,2022/09/13 13:19:52.33,24.03702412,0.385553867,-123.3612378,-5.429128076,2,0,0,0,wolffia,
Picks,P3E,2022/09/13 13:23:14.03,12.15526274,0.194970414,181.465771,7.986308581,2,1,0,0,no,
Picks,P4A,2022/09/13 13:27:33.64,3.807646623,0.061074652,-271.690152,-11.95708359,2,0,0,0,wolffia,
Picks,P4C,2022/09/13 13:33:08.15,3.886744723,0.062343385,-256.870565,-11.30487357,2,0,0,0,wolffia,
Picks,P4D,2022/09/13 13:36:49.82,10.37011144,0.166336588,-199.9334675,-8.799071906,2,0,0,0,wolffia,
Picks,P5B,2022/09/13 13:43:50.33,28.25909397,0.453275867,-348.15371,-15.32224478,2,0,0,0,wolffia,
Picks,P5E,2022/09/13 13:49:22.84,4.000289021,0.064164636,-85.03116923,-3.742221758,2,1,0,0,wolffia,
Picks,P1B,2022/09/13 16:09:17.99,39.96197678,0.640990108,203.291056,8.946839377,3,0,0,0,wolffia,
Picks,P1E,2022/09/13 16:13:58.63,41.79290463,0.67035819,316.6264157,13.93472855,3,1,0,0,wolffia,
Picks,P2A,2022/09/13 16:19:02.13,8.678527479,0.139203581,63.21411309,2.782053117,3,0,0,0,wolffia,
Picks,P2C,2022/09/13 16:23:02.63,13.56439149,0.21757284,38.72590684,1.70432716,3,1,0,0,wolffia,
Picks,P2D,2022/09/13 16:27:53.03,10.9001671,0.17483868,150.2955029,6.614505084,3,1,0,0,wolffia,
Picks,P3B,2022/09/13 16:32:45.74,8.980412153,0.144045811,-206.4966579,-9.087917913,3,1,0,0,wolffia,
Picks,P3E,2022/09/13 16:36:45.54,11.00722302,0.176555857,96.04701641,4.227029192,3,1,0,0,wolffia,
Picks,P4A,2022/09/13 16:40:46.14,7.520041945,0.120621473,-60.92070217,-2.681120103,3,1,0,0,wolffia,
Picks,P4C,2022/09/13 16:50:17.75,5.224777718,0.083805435,-44.36100476,-1.95232782,3,1,0,0,wolffia,
Picks,P4D,2022/09/13 16:56:12.25,5.339435638,0.085644548,-28.83197833,-1.268895366,3,1,0,0,wolffia,
Picks,P5B,2022/09/13 17:02:35.53,5.027126837,0.080635114,-48.35793367,-2.128232661,3,1,0,0,wolffia,
Picks,P5E,2022/09/13 17:09:04.34,11.09610664,0.17798155,-60.91485904,-2.680862946,3,1,0,0,wolffia,
Picks,P1B,2022/09/13 19:08:52.66,14.10802093,0.226292656,130.5896208,5.747249211,4,,,,wolffia,
Picks,P1E,2022/09/13 19:13:19.16,23.03296239,0.369448717,212.8187556,9.366153432,4,,,,wolffia,
Picks,P2A,2022/09/13 19:16:28.83,8.271291301,0.132671512,98.86827774,4.351192903,4,,,,wolffia,
Picks,P2C,2022/09/13 19:22:50.22,13.3965636,0.21488088,123.1717002,5.420786527,4,,,,wolffia,
Picks,P2D,2022/09/13 19:27:41.93,6.825477157,0.109480654,137.9967541,6.073237146,4,,,,wolffia,
Picks,P3B,2022/09/13 19:32:38.62,9.254871417,0.148448138,123.9198421,5.45371225,4,,,,wolffia,
Picks,P3E,2022/09/13 19:37:19.42,6.30492363,0.101130975,172.2118091,7.579041719,4,,,,wolffia,
Picks,P4A,2022/09/13 19:42:03.34,12.3314378,0.197796262,94.89647336,4.176393793,4,,,,wolffia,
Picks,P4C,2022/09/13 19:46:58.03,23.83967276,0.382388351,82.30488605,3.622238035,4,,,,wolffia,
Picks,P4D,2022/09/13 19:51:24.72,8.336692784,0.133720552,158.4304099,6.972522339,4,,,,wolffia,
Picks,P5B,2022/09/13 19:56:49.22,5.352594537,0.085855616,123.7299618,5.445355617,4,,,,wolffia,
Picks,P5E,2022/09/13 20:02:59.33,13.4918145,0.216408705,108.2003927,4.761899284,4,,,,wolffia,
Picks,P1B,2022/09/13 21:58:40.07,28.77210356,0.461504541,262.5630805,11.55540117,5,,,,wolffia,
Picks,P1E,2022/09/13 22:02:18.57,14.7822248,0.237106886,173.4624967,7.634084478,5,,,,wolffia,
Picks,P2A,2022/09/13 22:05:49.04,4.477305052,0.071815973,130.8916779,5.760542744,5,,,,wolffia,
Picks,P2C,2022/09/13 22:11:12.54,12.94377089,0.207618085,158.424549,6.972264403,5,,,,wolffia,
Picks,P2D,2022/09/13 22:14:59.13,9.073070653,0.145532053,183.4291609,8.07271737,5,,,,wolffia,
Picks,P3B,2022/09/13 22:20:08.64,10.20714848,0.163722662,162.1413982,7.135842935,5,,,,wolffia,
Picks,P3E,2022/09/13 22:24:47.45,3.899387723,0.062546179,172.9950528,7.613512273,5,,,,wolffia,
Picks,P4A,2022/09/13 22:28:44.05,16.20595899,0.259943582,99.14985689,4.363585202,5,,,,wolffia,
Picks,P4C,2022/09/13 22:39:46.57,6.534668315,0.10481608,119.5683041,5.262201064,5,,,,wolffia,
Picks,P4D,2022/09/13 22:42:38.02,8.5629135,0.137349133,123.8934235,5.452549569,5,,,,wolffia,
Picks,P5B,2022/09/13 22:49:09.33,24.61574382,0.394836531,147.5429727,6.493366227,5,,,,wolffia,
Picks,P5E,2022/09/13 22:54:13.04,7.283914133,0.116833983,92.1260845,4.054468979,5,,,,wolffia,
Picks,P1B,2022/09/14 01:11:15.16,25.66394624,0.411649698,206.0981338,9.070378867,6,0,0,1,wolffia,
Picks,P1E,2022/09/14 01:15:22.85,27.01015361,0.433242864,192.5806988,8.475476554,6,0,0,1,wolffia,
Picks,P2A,2022/09/14 01:18:39.35,6.244748249,0.100165762,141.5735582,6.230652298,6,0,0,1,wolffia,
Picks,P2C,2022/09/14 01:24:46.64,11.71467024,0.187903311,150.841563,6.638537189,6,0,0,1,wolffia,
Picks,P2D,2022/09/14 01:30:53.24,8.377281627,0.134371597,165.0472393,7.263729002,6,0,0,1,wolffia,
Picks,P3B,2022/09/14 01:37:24.74,7.175705669,0.115098319,183.7672396,8.087596213,6,0,0,1,wolffia,
Picks,P3E,2022/09/14 01:41:35.34,6.489446387,0.10409072,163.7025433,7.204548931,6,0,0,1,wolffia,
Picks,P4A,2022/09/14 01:46:11.08,10.85876375,0.174174571,95.62515865,4.208463232,6,0,0,1,wolffia,
Picks,P4C,2022/09/14 01:51:43.44,19.94411554,0.319903613,111.6209159,4.912436508,6,0,0,1,wolffia,
Picks,P4D,2022/09/14 01:56:08.46,18.26590563,0.292985126,132.141675,5.815555118,6,0,0,1,wolffia,
Picks,P5B,2022/09/14 02:01:14.14,28.94937764,0.464348017,190.9399465,8.403267047,6,0,0,1,wolffia,
Picks,P5E,2022/09/14 02:05:57.97,12.76833763,0.204804136,94.50907098,4.159344214,6,0,0,1,wolffia,
Picks,P1B,2022/09/14 04:06:17.37,32.88445343,0.527466633,253.9390918,11.17585943,7,0,0,1,wolffia,
Picks,P1E,2022/09/14 04:12:15.73,43.45796533,0.697065764,301.7963239,13.28205622,7,0,0,1,wolffia,
Picks,P2A,2022/09/14 04:17:05.23,17.79618015,0.28545073,165.8930062,7.300951202,7,0,0,1,wolffia,
Picks,P2C,2022/09/14 04:21:34.84,20.35417523,0.326480971,177.3167317,7.803709361,7,0,0,1,wolffia,
Picks,P2D,2022/09/14 04:26:20.45,18.46518878,0.296181628,231.1062516,10.17098613,7,0,0,1,wolffia,
Picks,P3B,2022/09/14 04:32:13.15,9.608034546,0.154112874,167.9710325,7.392405141,7,0,0,1,wolffia,
Picks,P3E,2022/09/14 04:36:15.84,18.2362268,0.292509078,374.2930392,16.47263666,7,0,0,1,wolffia,
Picks,P4A,2022/09/14 04:39:50.63,12.91367871,0.207135406,115.1928387,5.069636831,7,0,0,1,wolffia,
Picks,P4C,2022/09/14 04:44:08.25,10.29773548,0.165175677,100.8777529,4.439629905,7,0,0,1,wolffia,
Picks,P4D,2022/09/14 04:48:24.03,27.61606543,0.442961689,129.6819452,5.707302407,7,0,0,1,wolffia,
Picks,P5B,2022/09/14 04:52:56.94,19.1470292,0.307118348,97.52017161,4.291862753,7,0,0,1,wolffia,
Picks,P5E,2022/09/14 04:58:09.76,20.10762742,0.322526344,118.6386648,5.221287638,7,0,0,1,wolffia,
Picks,P1B,2022/09/14 07:20:56.97,53.60216427,0.859778715,310.8577119,13.6808479,8,0,0,0,no,no light condition notes
Picks,P1E,2022/09/14 07:27:30.23,33.68101315,0.540243451,220.892057,9.721459428,8,0,0,0,no,
Picks,P2A,2022/09/14 07:31:33.55,15.41267177,0.247219255,135.7251267,5.973262825,8,0,0,0,wolffia,
Picks,P2C,2022/09/14 07:38:02.04,24.51239712,0.39317885,206.7521666,9.099162853,8,0,0,0,wolffia,
Picks,P2D,2022/09/14 07:44:02.83,13.6410971,0.218803197,125.7675821,5.535031289,8,0,0,0,wolffia,
Picks,P3B,2022/09/14 07:49:51.53,12.56675529,0.201570755,167.7633781,7.38326627,8,0,0,0,wolffia,
Picks,P3E,2022/09/14 07:53:48.35,15.21262322,0.244010476,181.6130099,7.992788567,8,0,0,0,wolffia,
Picks,P4A,2022/09/14 07:57:10.03,13.32179241,0.21368155,3.736893188,0.164460669,8,0,0,0,wolffia,
Picks,P4C,2022/09/14 08:01:56.57,9.178011611,0.147215306,-10.67409291,-0.469766829,8,0,0,0,wolffia,
Picks,P4D,2022/09/14 08:05:04.43,9.299845132,0.149169516,-39.02933522,-1.717681043,8,0,0,0,wolffia,
Picks,P5B,2022/09/14 08:11:22.04,10.81990991,0.173551355,-27.34277877,-1.203355694,8,0,0,0,wolffia,
Picks,P5E,2022/09/14 08:15:08.74,12.32623021,0.197712733,-47.07096218,-2.071593046,8,0,0,0,wolffia,
Sisters3,S1B,2022/08/22 11:10:53.73,0.445223367,0.007141383,-1.683501892,-0.074090918,1,0,1,0,,
Sisters3,S1E,2022/08/22 11:15:14.32,0.601637259,0.009650262,9.008977912,0.396485118,1,0,1,0,,
Sisters3,S2A,2022/08/22 11:19:47.02,0.371854387,0.005964544,6.618635682,0.291286156,1,0,1,0,,
Sisters3,S2C,2022/08/22 11:29:39.62,1.128925577,0.018107966,-8.085688041,-0.355851131,1,0,0,0,,
Sisters3,S2D,2022/08/22 11:36:54.23,1.353677792,0.021712992,-9.105726085,-0.400743005,1,0,0,0,,
Sisters3,S3B,2022/08/22 11:41:14.02,2.21163887,0.035474687,-17.1959698,-0.756794631,1,0,0,0,,
Sisters3,S3E,2022/08/22 11:44:10.01,0.522910981,0.008387492,-0.015819177,-0.000696202,1,0,0,0,,
Sisters3,S4A,2022/08/22 11:47:06.92,0.590722139,0.009475183,-3.090600132,-0.136017312,1,1,0,0,,
Sisters3,S4C,2022/08/22 11:52:43.72,-0.007271387,-0.000116633,-4.039662565,-0.177785549,1,1,0,0,,
Sisters3,S4D,2022/08/22 11:56:19.72,0.475966639,0.007634505,6.063270151,0.266844519,1,1,0,0,,
Sisters3,S5B,2022/08/22 12:04:14.63,0.395136027,0.006337982,-0.240106247,-0.010567076,1,1,0,0,,
Sisters3,S5E,2022/08/22 12:09:09.53,0.38712557,0.006209494,3.192339669,0.140494869,1,1,0,0,,
Sisters3,S1B,2022/08/22 13:19:58.83,0.851607078,0.013659778,-6.778830314,-0.298336322,2,0,0,0,,notes say partly cloud/partly sunny
Sisters3,S1E,2022/08/22 13:25:48.14,0.316954287,0.005083947,-6.000802335,-0.264095311,2,0,0,0,filamentous algae,
Sisters3,S2A,2022/08/22 13:28:44.84,0.340144609,0.00545592,-2.983985458,-0.1313252,2,0,0,0,,
Sisters3,S2C,2022/08/22 13:38:37.24,0.541990199,0.008693523,-2.606850142,-0.114727475,2,0,0,0,,
Sisters3,S2D,2022/08/22 13:44:19.83,1.543109996,0.024751484,-2.554100051,-0.112405943,2,0,0,0,,
Sisters3,S3B,2022/08/22 13:49:39.43,0.499990718,0.008019851,-4.104160633,-0.180624109,2,0,0,0,,
Sisters3,S3E,2022/08/22 13:52:36.33,0.492684135,0.007902654,4.627477046,0.203655265,2,0,0,0,,
Sisters3,S4A,2022/08/22 13:55:41.22,0.525255227,0.008425094,-2.878512035,-0.126683315,2,0,1,0,,
Sisters3,S4C,2022/08/22 14:04:11.54,0.301436742,0.004835045,-3.417213636,-0.150391572,2,0,1,0,,
Sisters3,S4D,2022/08/22 14:12:38.02,0.321105952,0.005150539,-0.697039376,-0.030676703,2,0,1,0,,
Sisters3,S5B,2022/08/22 14:16:54.34,0.529778355,0.008497645,1.953855134,0.085989164,2,0,1,0,,
Sisters3,S5E,2022/08/22 14:21:51.64,0.949559919,0.015230941,1.8081764,0.079577843,2,0,1,0,,
Sisters3,S1B,2022/08/22 16:17:42.17,1.179009813,0.018911317,-17.48466046,-0.769499907,3,0,1,0,,
Sisters3,S1E,2022/08/22 16:22:07.57,0.40085094,0.006429649,2.886703187,0.127043807,3,1,0,0,,
Sisters3,S2A,2022/08/22 16:26:55.05,0.828950492,0.013296366,-7.399063059,-0.325632765,3,1,0,0,,
Sisters3,S2C,2022/08/22 16:37:59.88,0.541668585,0.008688364,-6.908378071,-0.304037719,3,0,1,0,,
Sisters3,S2D,2022/08/22 16:49:14.17,2.03368159,0.032620253,-20.26472741,-0.891850653,3,0,1,0,,
Sisters3,S3B,2022/08/22 16:53:29.96,0.532265336,0.008537536,1.116426789,0.049133943,3,0,1,0,,
Sisters3,S3E,2022/08/22 16:56:32.67,0.324202252,0.005200204,-6.081625169,-0.267652324,3,0,1,0,,
Sisters3,S4A,2022/08/22 17:00:59.35,0.544963076,0.008741208,-7.098547564,-0.312407078,3,0,1,0,,
Sisters3,S4C,2022/08/22 17:13:10.77,0.340370391,0.005459541,-8.522114005,-0.375058237,3,0,1,0,,
Sisters3,S4D,2022/08/22 17:21:01.56,0.52548477,0.008428776,-1.487386362,-0.065459874,3,0,1,0,,
Sisters3,S5B,2022/08/22 17:25:11.37,0.633066265,0.010154383,1.029377196,0.04530289,3,0,1,0,,
Sisters3,S5E,2022/08/22 17:28:58.26,0.437223722,0.007013068,-3.523600674,-0.155073666,3,0,1,0,,
Sisters3,S1B,2022/08/22 19:11:10.36,0.769511063,0.012342957,-16.94796117,-0.745879771,4,0,1,0,,
Sisters3,S1E,2022/08/22 19:14:33.08,0.503751741,0.008080178,-13.29852896,-0.58526826,4,0,1,0,,
Sisters3,S2A,2022/08/22 19:17:56.53,-0.218865791,-0.003510607,-12.0656296,-0.531008359,4,0,1,0,,
Sisters3,S2C,2022/08/22 19:25:26.26,0.289120568,0.004637494,-9.46985028,-0.416768111,4,0,1,0,,
Sisters3,S2D,2022/08/22 19:34:03.49,0.656203173,0.010525499,-23.25632666,-1.023510936,4,0,1,0,,
Sisters3,S3B,2022/08/22 19:39:06.04,0.563875267,0.009044559,-13.82662722,-0.608509864,4,0,1,0,,
Sisters3,S3E,2022/08/22 19:42:47.05,0.768127449,0.012320764,-20.73536537,-0.91256343,4,0,1,0,small amount of filamentous algae,
Sisters3,S4A,2022/08/22 19:46:28.84,0.433887128,0.00695955,-6.929270357,-0.304957188,4,0,1,0,,
Sisters3,S4C,2022/08/22 19:53:00.44,1.932342083,0.030994767,-8.980664082,-0.395239026,4,0,1,0,,
Sisters3,S4D,2022/08/22 19:59:12.26,0.784448731,0.012582558,-18.50949792,-0.814603003,4,0,1,0,,
Sisters3,S5B,2022/08/22 20:03:54.07,1.865368698,0.029920514,-14.35452632,-0.631742703,4,0,1,0,,
Sisters3,S5E,2022/08/22 20:07:25.95,3.811910647,0.061143047,-4.958203304,-0.218210527,4,0,1,0,,
Sisters3,S1B,2022/08/22 22:00:28.36,0.664223442,0.010654144,-15.29215787,-0.673007868,5,0,0,1,,
Sisters3,S1E,2022/08/22 22:04:10.83,0.441893017,0.007087964,-9.056231435,-0.398564745,5,0,0,1,,
Sisters3,S2A,2022/08/22 22:07:32.44,0.274383051,0.004401104,-1.724436888,-0.075892467,5,0,0,1,,
Sisters3,S2C,2022/08/22 22:13:41.82,0.265943975,0.004265741,-5.9757553,-0.262992991,5,0,0,1,,
Sisters3,S2D,2022/08/22 22:19:54.33,0.449655797,0.007212479,-6.219597028,-0.273724465,5,0,0,1,,
Sisters3,S3B,2022/08/22 22:23:58.23,0.4407516,0.007069656,-4.522319708,-0.19902729,5,0,0,1,,
Sisters3,S3E,2022/08/22 22:27:08.93,1.277462335,0.020490496,-16.48165945,-0.725357832,5,0,0,1,,
Sisters3,S4A,2022/08/22 22:30:16.85,0.273826511,0.004392177,-4.035843789,-0.177617485,5,0,0,1,,
Sisters3,S4C,2022/08/22 22:36:48.23,0.380471269,0.006102759,-7.013402965,-0.308659864,5,0,0,1,,
Sisters3,S4D,2022/08/22 22:45:19.85,1.705154401,0.027350677,-3.917774219,-0.172421243,5,0,0,1,,
Sisters3,S5B,2022/08/22 22:49:38.73,3.006631559,0.04822637,-19.40520578,-0.854023106,5,0,0,1,,
Sisters3,S5E,2022/08/22 22:53:08.65,1.104730685,0.01771988,-4.788286855,-0.210732505,5,0,0,1,,
Sisters3,S1B,2022/08/23 01:02:13.08,0.425175389,0.006819813,5.546718467,0.24411108,6,0,0,1,,
Sisters3,S1E,2022/08/23 01:06:40.57,0.371952231,0.005966114,1.182732524,0.052052058,6,0,0,1,,
Sisters3,S2A,2022/08/23 01:11:18.17,0.373706981,0.00599426,0.49031248,0.021578652,6,0,0,1,,
Sisters3,S2C,2022/08/23 01:19:45.58,0.261960987,0.004201854,-1.834307943,-0.080727893,6,0,0,1,,
Sisters3,S2D,2022/08/23 01:29:41.86,0.46051313,0.007386631,-0.764862698,-0.033661607,6,0,0,1,,
Sisters3,S3B,2022/08/23 01:35:04.68,0.533853298,0.008563007,0.590451203,0.025985757,6,0,0,1,,
Sisters3,S3E,2022/08/23 01:38:53.47,0.437813389,0.007022527,2.017569206,0.088793221,6,0,0,1,,
Sisters3,S4A,2022/08/23 01:41:52.36,2.293791393,0.036792414,-0.808444889,-0.03557966,6,0,0,1,,
Sisters3,S4C,2022/08/23 01:52:26.77,0.333835219,0.005354717,0.913425515,0.040199857,6,0,0,1,,
Sisters3,S4D,2022/08/23 02:01:06.47,0.457398425,0.007336671,1.258209966,0.055373821,6,0,0,1,,
Sisters3,S5B,2022/08/23 02:05:11.37,0.578450817,0.009278351,1.308487603,0.057586539,6,0,0,1,,
Sisters3,S5E,2022/08/23 02:12:25.09,0.229069752,0.003674279,0.260440554,0.011461989,6,0,0,1,,
Sisters3,S1B,2022/08/23 04:19:16.46,0.372858498,0.00598065,3.867796628,0.17022173,7,0,0,1,,
Sisters3,S1E,2022/08/23 04:23:19.96,0.421414428,0.006759487,6.721485945,0.295812596,7,0,0,1,,
Sisters3,S2A,2022/08/23 04:30:43.26,0.431624437,0.006923256,-0.72903792,-0.032084959,7,0,0,1,,
Sisters3,S2C,2022/08/23 04:38:56.64,0.44596546,0.007153286,-1.157048463,-0.050921703,7,0,0,1,,
Sisters3,S2D,2022/08/23 04:47:34.96,2.14703654,0.034438466,2.956220944,0.130103284,7,0,0,1,,
Sisters3,S3B,2022/08/23 04:51:56.76,0.409365033,0.006566215,8.301158456,0.365333984,7,0,0,1,,
Sisters3,S3E,2022/08/23 04:55:10.66,0.566205775,0.009081941,3.477762157,0.153056313,7,0,0,1,,
Sisters3,S4A,2022/08/23 04:57:56.58,-0.101777327,-0.001632508,3.579317766,0.157525775,7,0,0,1,,
Sisters3,S4C,2022/08/23 05:05:58.26,0.30186634,0.004841936,3.845799582,0.16925364,7,0,0,1,,
Sisters3,S4D,2022/08/23 05:12:07.05,1.588758436,0.025483685,17.63942123,0.776310929,7,0,0,1,,
Sisters3,S5B,2022/08/23 05:16:43.95,0.495465808,0.007947272,2.45515727,0.108051471,7,0,0,1,,
Sisters3,S5E,2022/08/23 05:19:55.78,0.59124795,0.009483617,4.705793992,0.207101994,7,0,0,1,,
Sisters3,S1B,2022/08/23 07:19:13.86,0.506606872,0.008125974,12.51717663,0.550880944,8,,,,,no notes
Sisters3,S1E,2022/08/23 07:22:59.15,0.679495659,0.01089911,9.779349792,0.430389184,8,,,,,
Sisters3,S2A,2022/08/23 07:25:52.63,0.276238472,0.004430865,6.778012476,0.298300329,8,,,,,
Sisters3,S2C,2022/08/23 07:34:02.94,0.65252947,0.010466573,15.83990779,0.697114342,8,,,,,
Sisters3,S2D,2022/08/23 07:39:28.35,0.681396229,0.010929596,6.528007235,0.287297598,8,,,,,
Sisters3,S3B,2022/08/23 07:43:05.13,0.557659361,0.008944856,6.76364771,0.297668136,8,,,,,
Sisters3,S3E,2022/08/23 07:46:19.94,0.740439114,0.011876643,9.355990189,0.411757128,8,,,,,
Sisters3,S4A,2022/08/23 07:48:55.83,0.365594187,0.005864131,8.766724852,0.385823561,8,,,,,
Sisters3,S4C,2022/08/23 07:54:33.43,0.303331502,0.004865437,8.557806019,0.376629043,8,,,,,
Sisters3,S4D,2022/08/23 07:59:47.94,0.854827273,0.013711429,2.075761674,0.091354271,8,,,,,
Sisters3,S5B,2022/08/23 08:03:36.95,0.525369781,0.008426931,4.699563465,0.206827788,8,,,,,
Sisters3,S5E,2022/08/23 08:07:16.84,0.730103796,0.011710865,14.50865043,0.638525706,8,,,,,
